--
-- PostgreSQL database dump
--

-- Dumped from database version 16.2 (Debian 16.2-1.pgdg120+2)
-- Dumped by pg_dump version 16.2 (Debian 16.2-1.pgdg120+2)

SET statement_timeout = 0;
SET lock_timeout = 0;
SET idle_in_transaction_session_timeout = 0;
SET client_encoding = 'UTF8';
SET standard_conforming_strings = on;
SELECT pg_catalog.set_config('search_path', '', false);
SET check_function_bodies = false;
SET xmloption = content;
SET client_min_messages = warning;
SET row_security = off;

SET default_tablespace = '';

SET default_table_access_method = heap;

--
-- Name: account_profile; Type: TABLE; Schema: public; Owner: root
--

CREATE TABLE public.account_profile (
    id bigint NOT NULL,
    created_at timestamp with time zone NOT NULL,
    updated_at timestamp with time zone NOT NULL,
    phone_number character varying(50),
    flat character varying(50),
    address character varying(100),
    zip character varying(50),
    country character varying(50),
    city character varying(50),
    region character varying(50),
    card character varying(16),
    user_id bigint NOT NULL,
    email_confirmed boolean NOT NULL,
    forget_pwd_token character varying(100),
    first_name character varying(50),
    last_name character varying(50),
    email character varying(50),
    message text
);


ALTER TABLE public.account_profile OWNER TO root;

--
-- Name: account_profile_id_seq; Type: SEQUENCE; Schema: public; Owner: root
--

ALTER TABLE public.account_profile ALTER COLUMN id ADD GENERATED BY DEFAULT AS IDENTITY (
    SEQUENCE NAME public.account_profile_id_seq
    START WITH 1
    INCREMENT BY 1
    NO MINVALUE
    NO MAXVALUE
    CACHE 1
);


--
-- Name: account_review; Type: TABLE; Schema: public; Owner: root
--

CREATE TABLE public.account_review (
    id bigint NOT NULL,
    created_at timestamp with time zone NOT NULL,
    updated_at timestamp with time zone NOT NULL,
    title character varying(255) NOT NULL,
    text text NOT NULL,
    rating integer,
    user_id bigint NOT NULL,
    variant_id bigint NOT NULL
);


ALTER TABLE public.account_review OWNER TO root;

--
-- Name: account_review_id_seq; Type: SEQUENCE; Schema: public; Owner: root
--

ALTER TABLE public.account_review ALTER COLUMN id ADD GENERATED BY DEFAULT AS IDENTITY (
    SEQUENCE NAME public.account_review_id_seq
    START WITH 1
    INCREMENT BY 1
    NO MINVALUE
    NO MAXVALUE
    CACHE 1
);


--
-- Name: account_user; Type: TABLE; Schema: public; Owner: root
--

CREATE TABLE public.account_user (
    id bigint NOT NULL,
    last_login timestamp with time zone,
    is_superuser boolean NOT NULL,
    username character varying(150) NOT NULL,
    is_staff boolean NOT NULL,
    is_active boolean NOT NULL,
    date_joined timestamp with time zone NOT NULL,
    first_name character varying(50),
    last_name character varying(50),
    password character varying(255),
    email character varying(50),
    phone_number character varying(50),
    flat character varying(50),
    address character varying(100),
    zip_code character varying(50),
    country character varying(50),
    city character varying(50),
    region character varying(50),
    card character varying(16),
    forget_pwd_token character varying(100),
    email_confirmed boolean NOT NULL
);


ALTER TABLE public.account_user OWNER TO root;

--
-- Name: account_user_groups; Type: TABLE; Schema: public; Owner: root
--

CREATE TABLE public.account_user_groups (
    id bigint NOT NULL,
    user_id bigint NOT NULL,
    group_id integer NOT NULL
);


ALTER TABLE public.account_user_groups OWNER TO root;

--
-- Name: account_user_groups_id_seq; Type: SEQUENCE; Schema: public; Owner: root
--

ALTER TABLE public.account_user_groups ALTER COLUMN id ADD GENERATED BY DEFAULT AS IDENTITY (
    SEQUENCE NAME public.account_user_groups_id_seq
    START WITH 1
    INCREMENT BY 1
    NO MINVALUE
    NO MAXVALUE
    CACHE 1
);


--
-- Name: account_user_id_seq; Type: SEQUENCE; Schema: public; Owner: root
--

ALTER TABLE public.account_user ALTER COLUMN id ADD GENERATED BY DEFAULT AS IDENTITY (
    SEQUENCE NAME public.account_user_id_seq
    START WITH 1
    INCREMENT BY 1
    NO MINVALUE
    NO MAXVALUE
    CACHE 1
);


--
-- Name: account_user_user_permissions; Type: TABLE; Schema: public; Owner: root
--

CREATE TABLE public.account_user_user_permissions (
    id bigint NOT NULL,
    user_id bigint NOT NULL,
    permission_id integer NOT NULL
);


ALTER TABLE public.account_user_user_permissions OWNER TO root;

--
-- Name: account_user_user_permissions_id_seq; Type: SEQUENCE; Schema: public; Owner: root
--

ALTER TABLE public.account_user_user_permissions ALTER COLUMN id ADD GENERATED BY DEFAULT AS IDENTITY (
    SEQUENCE NAME public.account_user_user_permissions_id_seq
    START WITH 1
    INCREMENT BY 1
    NO MINVALUE
    NO MAXVALUE
    CACHE 1
);


--
-- Name: account_wishlist; Type: TABLE; Schema: public; Owner: root
--

CREATE TABLE public.account_wishlist (
    id bigint NOT NULL,
    created_at timestamp with time zone NOT NULL,
    updated_at timestamp with time zone NOT NULL,
    user_id bigint NOT NULL,
    variant_id bigint NOT NULL
);


ALTER TABLE public.account_wishlist OWNER TO root;

--
-- Name: account_wishlist_id_seq; Type: SEQUENCE; Schema: public; Owner: root
--

ALTER TABLE public.account_wishlist ALTER COLUMN id ADD GENERATED BY DEFAULT AS IDENTITY (
    SEQUENCE NAME public.account_wishlist_id_seq
    START WITH 1
    INCREMENT BY 1
    NO MINVALUE
    NO MAXVALUE
    CACHE 1
);


--
-- Name: auth_group; Type: TABLE; Schema: public; Owner: root
--

CREATE TABLE public.auth_group (
    id integer NOT NULL,
    name character varying(150) NOT NULL
);


ALTER TABLE public.auth_group OWNER TO root;

--
-- Name: auth_group_id_seq; Type: SEQUENCE; Schema: public; Owner: root
--

ALTER TABLE public.auth_group ALTER COLUMN id ADD GENERATED BY DEFAULT AS IDENTITY (
    SEQUENCE NAME public.auth_group_id_seq
    START WITH 1
    INCREMENT BY 1
    NO MINVALUE
    NO MAXVALUE
    CACHE 1
);


--
-- Name: auth_group_permissions; Type: TABLE; Schema: public; Owner: root
--

CREATE TABLE public.auth_group_permissions (
    id bigint NOT NULL,
    group_id integer NOT NULL,
    permission_id integer NOT NULL
);


ALTER TABLE public.auth_group_permissions OWNER TO root;

--
-- Name: auth_group_permissions_id_seq; Type: SEQUENCE; Schema: public; Owner: root
--

ALTER TABLE public.auth_group_permissions ALTER COLUMN id ADD GENERATED BY DEFAULT AS IDENTITY (
    SEQUENCE NAME public.auth_group_permissions_id_seq
    START WITH 1
    INCREMENT BY 1
    NO MINVALUE
    NO MAXVALUE
    CACHE 1
);


--
-- Name: auth_permission; Type: TABLE; Schema: public; Owner: root
--

CREATE TABLE public.auth_permission (
    id integer NOT NULL,
    name character varying(255) NOT NULL,
    content_type_id integer NOT NULL,
    codename character varying(100) NOT NULL
);


ALTER TABLE public.auth_permission OWNER TO root;

--
-- Name: auth_permission_id_seq; Type: SEQUENCE; Schema: public; Owner: root
--

ALTER TABLE public.auth_permission ALTER COLUMN id ADD GENERATED BY DEFAULT AS IDENTITY (
    SEQUENCE NAME public.auth_permission_id_seq
    START WITH 1
    INCREMENT BY 1
    NO MINVALUE
    NO MAXVALUE
    CACHE 1
);


--
-- Name: core_about; Type: TABLE; Schema: public; Owner: root
--

CREATE TABLE public.core_about (
    id bigint NOT NULL,
    created_at timestamp with time zone NOT NULL,
    updated_at timestamp with time zone NOT NULL,
    "desc" text NOT NULL,
    address text NOT NULL,
    email character varying(50) NOT NULL,
    phone_number character varying(50) NOT NULL,
    fax character varying(50) NOT NULL,
    image character varying(100) NOT NULL
);


ALTER TABLE public.core_about OWNER TO root;

--
-- Name: core_about_id_seq; Type: SEQUENCE; Schema: public; Owner: root
--

ALTER TABLE public.core_about ALTER COLUMN id ADD GENERATED BY DEFAULT AS IDENTITY (
    SEQUENCE NAME public.core_about_id_seq
    START WITH 1
    INCREMENT BY 1
    NO MINVALUE
    NO MAXVALUE
    CACHE 1
);


--
-- Name: core_contact; Type: TABLE; Schema: public; Owner: root
--

CREATE TABLE public.core_contact (
    id bigint NOT NULL,
    created_at timestamp with time zone NOT NULL,
    updated_at timestamp with time zone NOT NULL,
    first_name character varying(50) NOT NULL,
    last_name character varying(50) NOT NULL,
    phone_number character varying(50) NOT NULL,
    email character varying(50) NOT NULL,
    message text NOT NULL
);


ALTER TABLE public.core_contact OWNER TO root;

--
-- Name: core_contact_id_seq; Type: SEQUENCE; Schema: public; Owner: root
--

ALTER TABLE public.core_contact ALTER COLUMN id ADD GENERATED BY DEFAULT AS IDENTITY (
    SEQUENCE NAME public.core_contact_id_seq
    START WITH 1
    INCREMENT BY 1
    NO MINVALUE
    NO MAXVALUE
    CACHE 1
);


--
-- Name: core_creator; Type: TABLE; Schema: public; Owner: root
--

CREATE TABLE public.core_creator (
    id bigint NOT NULL,
    created_at timestamp with time zone NOT NULL,
    updated_at timestamp with time zone NOT NULL,
    full_name character varying(50) NOT NULL,
    speciality character varying(50) NOT NULL,
    "desc" text NOT NULL,
    image character varying(100) NOT NULL
);


ALTER TABLE public.core_creator OWNER TO root;

--
-- Name: core_creator_id_seq; Type: SEQUENCE; Schema: public; Owner: root
--

ALTER TABLE public.core_creator ALTER COLUMN id ADD GENERATED BY DEFAULT AS IDENTITY (
    SEQUENCE NAME public.core_creator_id_seq
    START WITH 1
    INCREMENT BY 1
    NO MINVALUE
    NO MAXVALUE
    CACHE 1
);


--
-- Name: core_faq; Type: TABLE; Schema: public; Owner: root
--

CREATE TABLE public.core_faq (
    id bigint NOT NULL,
    created_at timestamp with time zone NOT NULL,
    updated_at timestamp with time zone NOT NULL,
    answer text NOT NULL,
    question text NOT NULL
);


ALTER TABLE public.core_faq OWNER TO root;

--
-- Name: core_faq_id_seq; Type: SEQUENCE; Schema: public; Owner: root
--

ALTER TABLE public.core_faq ALTER COLUMN id ADD GENERATED BY DEFAULT AS IDENTITY (
    SEQUENCE NAME public.core_faq_id_seq
    START WITH 1
    INCREMENT BY 1
    NO MINVALUE
    NO MAXVALUE
    CACHE 1
);


--
-- Name: core_mainphotos; Type: TABLE; Schema: public; Owner: root
--

CREATE TABLE public.core_mainphotos (
    id bigint NOT NULL,
    created_at timestamp with time zone NOT NULL,
    updated_at timestamp with time zone NOT NULL,
    title character varying(255),
    creator character varying(50),
    date character varying(50),
    image character varying(100) NOT NULL,
    blog boolean NOT NULL,
    insta boolean NOT NULL
);


ALTER TABLE public.core_mainphotos OWNER TO root;

--
-- Name: core_mainphotos_id_seq; Type: SEQUENCE; Schema: public; Owner: root
--

ALTER TABLE public.core_mainphotos ALTER COLUMN id ADD GENERATED BY DEFAULT AS IDENTITY (
    SEQUENCE NAME public.core_mainphotos_id_seq
    START WITH 1
    INCREMENT BY 1
    NO MINVALUE
    NO MAXVALUE
    CACHE 1
);


--
-- Name: core_subscriber; Type: TABLE; Schema: public; Owner: root
--

CREATE TABLE public.core_subscriber (
    id bigint NOT NULL,
    created_at timestamp with time zone NOT NULL,
    updated_at timestamp with time zone NOT NULL,
    email character varying(50) NOT NULL
);


ALTER TABLE public.core_subscriber OWNER TO root;

--
-- Name: core_subscriber_id_seq; Type: SEQUENCE; Schema: public; Owner: root
--

ALTER TABLE public.core_subscriber ALTER COLUMN id ADD GENERATED BY DEFAULT AS IDENTITY (
    SEQUENCE NAME public.core_subscriber_id_seq
    START WITH 1
    INCREMENT BY 1
    NO MINVALUE
    NO MAXVALUE
    CACHE 1
);


--
-- Name: django_admin_log; Type: TABLE; Schema: public; Owner: root
--

CREATE TABLE public.django_admin_log (
    id integer NOT NULL,
    action_time timestamp with time zone NOT NULL,
    object_id text,
    object_repr character varying(200) NOT NULL,
    action_flag smallint NOT NULL,
    change_message text NOT NULL,
    content_type_id integer,
    user_id bigint NOT NULL,
    CONSTRAINT django_admin_log_action_flag_check CHECK ((action_flag >= 0))
);


ALTER TABLE public.django_admin_log OWNER TO root;

--
-- Name: django_admin_log_id_seq; Type: SEQUENCE; Schema: public; Owner: root
--

ALTER TABLE public.django_admin_log ALTER COLUMN id ADD GENERATED BY DEFAULT AS IDENTITY (
    SEQUENCE NAME public.django_admin_log_id_seq
    START WITH 1
    INCREMENT BY 1
    NO MINVALUE
    NO MAXVALUE
    CACHE 1
);


--
-- Name: django_celery_beat_clockedschedule; Type: TABLE; Schema: public; Owner: root
--

CREATE TABLE public.django_celery_beat_clockedschedule (
    id integer NOT NULL,
    clocked_time timestamp with time zone NOT NULL
);


ALTER TABLE public.django_celery_beat_clockedschedule OWNER TO root;

--
-- Name: django_celery_beat_clockedschedule_id_seq; Type: SEQUENCE; Schema: public; Owner: root
--

ALTER TABLE public.django_celery_beat_clockedschedule ALTER COLUMN id ADD GENERATED BY DEFAULT AS IDENTITY (
    SEQUENCE NAME public.django_celery_beat_clockedschedule_id_seq
    START WITH 1
    INCREMENT BY 1
    NO MINVALUE
    NO MAXVALUE
    CACHE 1
);


--
-- Name: django_celery_beat_crontabschedule; Type: TABLE; Schema: public; Owner: root
--

CREATE TABLE public.django_celery_beat_crontabschedule (
    id integer NOT NULL,
    minute character varying(240) NOT NULL,
    hour character varying(96) NOT NULL,
    day_of_week character varying(64) NOT NULL,
    day_of_month character varying(124) NOT NULL,
    month_of_year character varying(64) NOT NULL,
    timezone character varying(63) NOT NULL
);


ALTER TABLE public.django_celery_beat_crontabschedule OWNER TO root;

--
-- Name: django_celery_beat_crontabschedule_id_seq; Type: SEQUENCE; Schema: public; Owner: root
--

ALTER TABLE public.django_celery_beat_crontabschedule ALTER COLUMN id ADD GENERATED BY DEFAULT AS IDENTITY (
    SEQUENCE NAME public.django_celery_beat_crontabschedule_id_seq
    START WITH 1
    INCREMENT BY 1
    NO MINVALUE
    NO MAXVALUE
    CACHE 1
);


--
-- Name: django_celery_beat_intervalschedule; Type: TABLE; Schema: public; Owner: root
--

CREATE TABLE public.django_celery_beat_intervalschedule (
    id integer NOT NULL,
    every integer NOT NULL,
    period character varying(24) NOT NULL
);


ALTER TABLE public.django_celery_beat_intervalschedule OWNER TO root;

--
-- Name: django_celery_beat_intervalschedule_id_seq; Type: SEQUENCE; Schema: public; Owner: root
--

ALTER TABLE public.django_celery_beat_intervalschedule ALTER COLUMN id ADD GENERATED BY DEFAULT AS IDENTITY (
    SEQUENCE NAME public.django_celery_beat_intervalschedule_id_seq
    START WITH 1
    INCREMENT BY 1
    NO MINVALUE
    NO MAXVALUE
    CACHE 1
);


--
-- Name: django_celery_beat_periodictask; Type: TABLE; Schema: public; Owner: root
--

CREATE TABLE public.django_celery_beat_periodictask (
    id integer NOT NULL,
    name character varying(200) NOT NULL,
    task character varying(200) NOT NULL,
    args text NOT NULL,
    kwargs text NOT NULL,
    queue character varying(200),
    exchange character varying(200),
    routing_key character varying(200),
    expires timestamp with time zone,
    enabled boolean NOT NULL,
    last_run_at timestamp with time zone,
    total_run_count integer NOT NULL,
    date_changed timestamp with time zone NOT NULL,
    description text NOT NULL,
    crontab_id integer,
    interval_id integer,
    solar_id integer,
    one_off boolean NOT NULL,
    start_time timestamp with time zone,
    priority integer,
    headers text NOT NULL,
    clocked_id integer,
    expire_seconds integer,
    CONSTRAINT django_celery_beat_periodictask_expire_seconds_check CHECK ((expire_seconds >= 0)),
    CONSTRAINT django_celery_beat_periodictask_priority_check CHECK ((priority >= 0)),
    CONSTRAINT django_celery_beat_periodictask_total_run_count_check CHECK ((total_run_count >= 0))
);


ALTER TABLE public.django_celery_beat_periodictask OWNER TO root;

--
-- Name: django_celery_beat_periodictask_id_seq; Type: SEQUENCE; Schema: public; Owner: root
--

ALTER TABLE public.django_celery_beat_periodictask ALTER COLUMN id ADD GENERATED BY DEFAULT AS IDENTITY (
    SEQUENCE NAME public.django_celery_beat_periodictask_id_seq
    START WITH 1
    INCREMENT BY 1
    NO MINVALUE
    NO MAXVALUE
    CACHE 1
);


--
-- Name: django_celery_beat_periodictasks; Type: TABLE; Schema: public; Owner: root
--

CREATE TABLE public.django_celery_beat_periodictasks (
    ident smallint NOT NULL,
    last_update timestamp with time zone NOT NULL
);


ALTER TABLE public.django_celery_beat_periodictasks OWNER TO root;

--
-- Name: django_celery_beat_solarschedule; Type: TABLE; Schema: public; Owner: root
--

CREATE TABLE public.django_celery_beat_solarschedule (
    id integer NOT NULL,
    event character varying(24) NOT NULL,
    latitude numeric(9,6) NOT NULL,
    longitude numeric(9,6) NOT NULL
);


ALTER TABLE public.django_celery_beat_solarschedule OWNER TO root;

--
-- Name: django_celery_beat_solarschedule_id_seq; Type: SEQUENCE; Schema: public; Owner: root
--

ALTER TABLE public.django_celery_beat_solarschedule ALTER COLUMN id ADD GENERATED BY DEFAULT AS IDENTITY (
    SEQUENCE NAME public.django_celery_beat_solarschedule_id_seq
    START WITH 1
    INCREMENT BY 1
    NO MINVALUE
    NO MAXVALUE
    CACHE 1
);


--
-- Name: django_content_type; Type: TABLE; Schema: public; Owner: root
--

CREATE TABLE public.django_content_type (
    id integer NOT NULL,
    app_label character varying(100) NOT NULL,
    model character varying(100) NOT NULL
);


ALTER TABLE public.django_content_type OWNER TO root;

--
-- Name: django_content_type_id_seq; Type: SEQUENCE; Schema: public; Owner: root
--

ALTER TABLE public.django_content_type ALTER COLUMN id ADD GENERATED BY DEFAULT AS IDENTITY (
    SEQUENCE NAME public.django_content_type_id_seq
    START WITH 1
    INCREMENT BY 1
    NO MINVALUE
    NO MAXVALUE
    CACHE 1
);


--
-- Name: django_migrations; Type: TABLE; Schema: public; Owner: root
--

CREATE TABLE public.django_migrations (
    id bigint NOT NULL,
    app character varying(255) NOT NULL,
    name character varying(255) NOT NULL,
    applied timestamp with time zone NOT NULL
);


ALTER TABLE public.django_migrations OWNER TO root;

--
-- Name: django_migrations_id_seq; Type: SEQUENCE; Schema: public; Owner: root
--

ALTER TABLE public.django_migrations ALTER COLUMN id ADD GENERATED BY DEFAULT AS IDENTITY (
    SEQUENCE NAME public.django_migrations_id_seq
    START WITH 1
    INCREMENT BY 1
    NO MINVALUE
    NO MAXVALUE
    CACHE 1
);


--
-- Name: django_session; Type: TABLE; Schema: public; Owner: root
--

CREATE TABLE public.django_session (
    session_key character varying(40) NOT NULL,
    session_data text NOT NULL,
    expire_date timestamp with time zone NOT NULL
);


ALTER TABLE public.django_session OWNER TO root;

--
-- Name: payment_cart; Type: TABLE; Schema: public; Owner: root
--

CREATE TABLE public.payment_cart (
    id bigint NOT NULL,
    created_at timestamp with time zone NOT NULL,
    updated_at timestamp with time zone NOT NULL,
    total_price double precision,
    user_id bigint NOT NULL
);


ALTER TABLE public.payment_cart OWNER TO root;

--
-- Name: payment_cart_id_seq; Type: SEQUENCE; Schema: public; Owner: root
--

ALTER TABLE public.payment_cart ALTER COLUMN id ADD GENERATED BY DEFAULT AS IDENTITY (
    SEQUENCE NAME public.payment_cart_id_seq
    START WITH 1
    INCREMENT BY 1
    NO MINVALUE
    NO MAXVALUE
    CACHE 1
);


--
-- Name: payment_cartitem; Type: TABLE; Schema: public; Owner: root
--

CREATE TABLE public.payment_cartitem (
    id bigint NOT NULL,
    created_at timestamp with time zone NOT NULL,
    updated_at timestamp with time zone NOT NULL,
    quantity integer NOT NULL,
    total_price double precision,
    cart_id bigint NOT NULL,
    variant_id bigint NOT NULL,
    size character varying(10),
    done boolean NOT NULL
);


ALTER TABLE public.payment_cartitem OWNER TO root;

--
-- Name: payment_cartitem_id_seq; Type: SEQUENCE; Schema: public; Owner: root
--

ALTER TABLE public.payment_cartitem ALTER COLUMN id ADD GENERATED BY DEFAULT AS IDENTITY (
    SEQUENCE NAME public.payment_cartitem_id_seq
    START WITH 1
    INCREMENT BY 1
    NO MINVALUE
    NO MAXVALUE
    CACHE 1
);


--
-- Name: payment_orders; Type: TABLE; Schema: public; Owner: root
--

CREATE TABLE public.payment_orders (
    id bigint NOT NULL,
    created_at timestamp with time zone NOT NULL,
    updated_at timestamp with time zone NOT NULL,
    "orderId" integer NOT NULL,
    quantity integer NOT NULL,
    first_name character varying(50),
    last_name character varying(50),
    email character varying(50),
    phone_number character varying(50),
    flat character varying(50),
    address character varying(100),
    zip character varying(50),
    country character varying(50),
    city character varying(50),
    region character varying(50),
    payed integer NOT NULL,
    is_success boolean NOT NULL,
    product_id bigint NOT NULL
);


ALTER TABLE public.payment_orders OWNER TO root;

--
-- Name: payment_orders_id_seq; Type: SEQUENCE; Schema: public; Owner: root
--

ALTER TABLE public.payment_orders ALTER COLUMN id ADD GENERATED BY DEFAULT AS IDENTITY (
    SEQUENCE NAME public.payment_orders_id_seq
    START WITH 1
    INCREMENT BY 1
    NO MINVALUE
    NO MAXVALUE
    CACHE 1
);


--
-- Name: product_category; Type: TABLE; Schema: public; Owner: root
--

CREATE TABLE public.product_category (
    id bigint NOT NULL,
    title character varying(50) NOT NULL,
    title_en character varying(50),
    title_az character varying(50),
    image character varying(100),
    slug character varying(50),
    lft integer NOT NULL,
    rght integer NOT NULL,
    tree_id integer NOT NULL,
    level integer NOT NULL,
    parent_id bigint,
    CONSTRAINT product_category_level_check CHECK ((level >= 0)),
    CONSTRAINT product_category_lft_check CHECK ((lft >= 0)),
    CONSTRAINT product_category_rght_check CHECK ((rght >= 0)),
    CONSTRAINT product_category_tree_id_check CHECK ((tree_id >= 0))
);


ALTER TABLE public.product_category OWNER TO root;

--
-- Name: product_category_id_seq; Type: SEQUENCE; Schema: public; Owner: root
--

ALTER TABLE public.product_category ALTER COLUMN id ADD GENERATED BY DEFAULT AS IDENTITY (
    SEQUENCE NAME public.product_category_id_seq
    START WITH 1
    INCREMENT BY 1
    NO MINVALUE
    NO MAXVALUE
    CACHE 1
);


--
-- Name: product_color; Type: TABLE; Schema: public; Owner: root
--

CREATE TABLE public.product_color (
    id bigint NOT NULL,
    created_at timestamp with time zone NOT NULL,
    updated_at timestamp with time zone NOT NULL,
    title character varying(35) NOT NULL
);


ALTER TABLE public.product_color OWNER TO root;

--
-- Name: product_color_id_seq; Type: SEQUENCE; Schema: public; Owner: root
--

ALTER TABLE public.product_color ALTER COLUMN id ADD GENERATED BY DEFAULT AS IDENTITY (
    SEQUENCE NAME public.product_color_id_seq
    START WITH 1
    INCREMENT BY 1
    NO MINVALUE
    NO MAXVALUE
    CACHE 1
);


--
-- Name: product_image; Type: TABLE; Schema: public; Owner: root
--

CREATE TABLE public.product_image (
    id bigint NOT NULL,
    created_at timestamp with time zone NOT NULL,
    updated_at timestamp with time zone NOT NULL,
    image character varying(100) NOT NULL,
    is_main boolean NOT NULL,
    variant_id bigint NOT NULL
);


ALTER TABLE public.product_image OWNER TO root;

--
-- Name: product_image_id_seq; Type: SEQUENCE; Schema: public; Owner: root
--

ALTER TABLE public.product_image ALTER COLUMN id ADD GENERATED BY DEFAULT AS IDENTITY (
    SEQUENCE NAME public.product_image_id_seq
    START WITH 1
    INCREMENT BY 1
    NO MINVALUE
    NO MAXVALUE
    CACHE 1
);


--
-- Name: product_option; Type: TABLE; Schema: public; Owner: root
--

CREATE TABLE public.product_option (
    id bigint NOT NULL,
    created_at timestamp with time zone NOT NULL,
    updated_at timestamp with time zone NOT NULL,
    stock integer NOT NULL,
    variant_id bigint NOT NULL,
    size_id bigint NOT NULL
);


ALTER TABLE public.product_option OWNER TO root;

--
-- Name: product_option_id_seq; Type: SEQUENCE; Schema: public; Owner: root
--

ALTER TABLE public.product_option ALTER COLUMN id ADD GENERATED BY DEFAULT AS IDENTITY (
    SEQUENCE NAME public.product_option_id_seq
    START WITH 1
    INCREMENT BY 1
    NO MINVALUE
    NO MAXVALUE
    CACHE 1
);


--
-- Name: product_product; Type: TABLE; Schema: public; Owner: root
--

CREATE TABLE public.product_product (
    id bigint NOT NULL,
    created_at timestamp with time zone NOT NULL,
    updated_at timestamp with time zone NOT NULL,
    title character varying(100) NOT NULL,
    title_en character varying(100),
    title_az character varying(100),
    product_detail text,
    product_detail_en text,
    product_detail_az text,
    "desc" text,
    desc_en text,
    desc_az text,
    video character varying(100),
    slug character varying(50),
    category_id bigint NOT NULL,
    vendor_id bigint NOT NULL,
    price numeric(10,2) NOT NULL,
    general_stock boolean
);


ALTER TABLE public.product_product OWNER TO root;

--
-- Name: product_product_id_seq; Type: SEQUENCE; Schema: public; Owner: root
--

ALTER TABLE public.product_product ALTER COLUMN id ADD GENERATED BY DEFAULT AS IDENTITY (
    SEQUENCE NAME public.product_product_id_seq
    START WITH 1
    INCREMENT BY 1
    NO MINVALUE
    NO MAXVALUE
    CACHE 1
);


--
-- Name: product_size; Type: TABLE; Schema: public; Owner: root
--

CREATE TABLE public.product_size (
    id bigint NOT NULL,
    created_at timestamp with time zone NOT NULL,
    updated_at timestamp with time zone NOT NULL,
    title character varying(10) NOT NULL
);


ALTER TABLE public.product_size OWNER TO root;

--
-- Name: product_size_id_seq; Type: SEQUENCE; Schema: public; Owner: root
--

ALTER TABLE public.product_size ALTER COLUMN id ADD GENERATED BY DEFAULT AS IDENTITY (
    SEQUENCE NAME public.product_size_id_seq
    START WITH 1
    INCREMENT BY 1
    NO MINVALUE
    NO MAXVALUE
    CACHE 1
);


--
-- Name: product_variant; Type: TABLE; Schema: public; Owner: root
--

CREATE TABLE public.product_variant (
    id bigint NOT NULL,
    created_at timestamp with time zone NOT NULL,
    updated_at timestamp with time zone NOT NULL,
    title character varying(100),
    title_en character varying(100),
    title_az character varying(100),
    discount_type character varying(50),
    discount_amount integer,
    actual_price numeric(10,2),
    discount_time timestamp with time zone,
    slug character varying(50),
    product_id bigint NOT NULL,
    is_main_variant boolean NOT NULL,
    color_id bigint NOT NULL,
    new_status boolean NOT NULL,
    is_main_image character varying(100),
    rating integer
);


ALTER TABLE public.product_variant OWNER TO root;

--
-- Name: product_variant_id_seq; Type: SEQUENCE; Schema: public; Owner: root
--

ALTER TABLE public.product_variant ALTER COLUMN id ADD GENERATED BY DEFAULT AS IDENTITY (
    SEQUENCE NAME public.product_variant_id_seq
    START WITH 1
    INCREMENT BY 1
    NO MINVALUE
    NO MAXVALUE
    CACHE 1
);


--
-- Name: product_vendor; Type: TABLE; Schema: public; Owner: root
--

CREATE TABLE public.product_vendor (
    id bigint NOT NULL,
    created_at timestamp with time zone NOT NULL,
    updated_at timestamp with time zone NOT NULL,
    name character varying(50) NOT NULL,
    image character varying(100) NOT NULL,
    "desc" text NOT NULL,
    rating double precision NOT NULL,
    fb character varying(50),
    gp character varying(50),
    tw character varying(50),
    ig character varying(50)
);


ALTER TABLE public.product_vendor OWNER TO root;

--
-- Name: product_vendor_id_seq; Type: SEQUENCE; Schema: public; Owner: root
--

ALTER TABLE public.product_vendor ALTER COLUMN id ADD GENERATED BY DEFAULT AS IDENTITY (
    SEQUENCE NAME public.product_vendor_id_seq
    START WITH 1
    INCREMENT BY 1
    NO MINVALUE
    NO MAXVALUE
    CACHE 1
);


--
-- Name: social_auth_association; Type: TABLE; Schema: public; Owner: root
--

CREATE TABLE public.social_auth_association (
    id bigint NOT NULL,
    server_url character varying(255) NOT NULL,
    handle character varying(255) NOT NULL,
    secret character varying(255) NOT NULL,
    issued integer NOT NULL,
    lifetime integer NOT NULL,
    assoc_type character varying(64) NOT NULL
);


ALTER TABLE public.social_auth_association OWNER TO root;

--
-- Name: social_auth_association_id_seq; Type: SEQUENCE; Schema: public; Owner: root
--

ALTER TABLE public.social_auth_association ALTER COLUMN id ADD GENERATED BY DEFAULT AS IDENTITY (
    SEQUENCE NAME public.social_auth_association_id_seq
    START WITH 1
    INCREMENT BY 1
    NO MINVALUE
    NO MAXVALUE
    CACHE 1
);


--
-- Name: social_auth_code; Type: TABLE; Schema: public; Owner: root
--

CREATE TABLE public.social_auth_code (
    id bigint NOT NULL,
    email character varying(254) NOT NULL,
    code character varying(32) NOT NULL,
    verified boolean NOT NULL,
    "timestamp" timestamp with time zone NOT NULL
);


ALTER TABLE public.social_auth_code OWNER TO root;

--
-- Name: social_auth_code_id_seq; Type: SEQUENCE; Schema: public; Owner: root
--

ALTER TABLE public.social_auth_code ALTER COLUMN id ADD GENERATED BY DEFAULT AS IDENTITY (
    SEQUENCE NAME public.social_auth_code_id_seq
    START WITH 1
    INCREMENT BY 1
    NO MINVALUE
    NO MAXVALUE
    CACHE 1
);


--
-- Name: social_auth_nonce; Type: TABLE; Schema: public; Owner: root
--

CREATE TABLE public.social_auth_nonce (
    id bigint NOT NULL,
    server_url character varying(255) NOT NULL,
    "timestamp" integer NOT NULL,
    salt character varying(65) NOT NULL
);


ALTER TABLE public.social_auth_nonce OWNER TO root;

--
-- Name: social_auth_nonce_id_seq; Type: SEQUENCE; Schema: public; Owner: root
--

ALTER TABLE public.social_auth_nonce ALTER COLUMN id ADD GENERATED BY DEFAULT AS IDENTITY (
    SEQUENCE NAME public.social_auth_nonce_id_seq
    START WITH 1
    INCREMENT BY 1
    NO MINVALUE
    NO MAXVALUE
    CACHE 1
);


--
-- Name: social_auth_partial; Type: TABLE; Schema: public; Owner: root
--

CREATE TABLE public.social_auth_partial (
    id bigint NOT NULL,
    token character varying(32) NOT NULL,
    next_step smallint NOT NULL,
    backend character varying(32) NOT NULL,
    "timestamp" timestamp with time zone NOT NULL,
    data jsonb NOT NULL,
    CONSTRAINT social_auth_partial_next_step_check CHECK ((next_step >= 0))
);


ALTER TABLE public.social_auth_partial OWNER TO root;

--
-- Name: social_auth_partial_id_seq; Type: SEQUENCE; Schema: public; Owner: root
--

ALTER TABLE public.social_auth_partial ALTER COLUMN id ADD GENERATED BY DEFAULT AS IDENTITY (
    SEQUENCE NAME public.social_auth_partial_id_seq
    START WITH 1
    INCREMENT BY 1
    NO MINVALUE
    NO MAXVALUE
    CACHE 1
);


--
-- Name: social_auth_usersocialauth; Type: TABLE; Schema: public; Owner: root
--

CREATE TABLE public.social_auth_usersocialauth (
    id bigint NOT NULL,
    provider character varying(32) NOT NULL,
    uid character varying(255) NOT NULL,
    user_id bigint NOT NULL,
    created timestamp with time zone NOT NULL,
    modified timestamp with time zone NOT NULL,
    extra_data jsonb NOT NULL
);


ALTER TABLE public.social_auth_usersocialauth OWNER TO root;

--
-- Name: social_auth_usersocialauth_id_seq; Type: SEQUENCE; Schema: public; Owner: root
--

ALTER TABLE public.social_auth_usersocialauth ALTER COLUMN id ADD GENERATED BY DEFAULT AS IDENTITY (
    SEQUENCE NAME public.social_auth_usersocialauth_id_seq
    START WITH 1
    INCREMENT BY 1
    NO MINVALUE
    NO MAXVALUE
    CACHE 1
);


--
-- Data for Name: account_profile; Type: TABLE DATA; Schema: public; Owner: root
--

COPY public.account_profile (id, created_at, updated_at, phone_number, flat, address, zip, country, city, region, card, user_id, email_confirmed, forget_pwd_token, first_name, last_name, email, message) FROM stdin;
\.


--
-- Data for Name: account_review; Type: TABLE DATA; Schema: public; Owner: root
--

COPY public.account_review (id, created_at, updated_at, title, text, rating, user_id, variant_id) FROM stdin;
14	2023-11-20 12:36:46.875241+00	2023-11-20 12:37:11.008269+00			3	1	11
15	2023-11-20 12:41:54.639965+00	2023-11-20 12:41:54.639979+00	normal	ela	4	1	11
16	2023-11-20 12:49:34.960745+00	2023-11-20 12:49:34.960761+00	mence normaldir	ela	5	1	1
17	2023-11-20 12:50:09.752065+00	2023-11-20 12:50:09.752085+00	normaldir	ortadir	3	1	33
19	2023-11-20 13:13:26.083802+00	2023-11-20 13:13:26.083826+00	Mukemmel	ELA	4	1	16
21	2023-11-20 14:06:01.670387+00	2023-11-20 14:06:01.670404+00	Gozel	Cox xosuma geldi	4	1	1
22	2023-11-20 15:53:34.729523+00	2023-11-20 15:53:34.729537+00	Ela	Qeshey	3	1	16
\.


--
-- Data for Name: account_user; Type: TABLE DATA; Schema: public; Owner: root
--

COPY public.account_user (id, last_login, is_superuser, username, is_staff, is_active, date_joined, first_name, last_name, password, email, phone_number, flat, address, zip_code, country, city, region, card, forget_pwd_token, email_confirmed) FROM stdin;
21	2023-11-20 15:50:41.948359+00	f	rl4573509	f	t	2023-11-20 15:50:41.918879+00	Ragnar	Lothbrok	!Rg1TXfqxk7vKXxKku9jgrKsofhkKBczzQv0mHuGN	rl4573509@gmail.com									\N	f
1	2023-11-20 15:52:23.814674+00	t	tunay	t	t	2023-10-27 22:00:10+00	Tunay	Rustamzada	pbkdf2_sha256$600000$M0AcuTYehhD4enTL5ic4xO$MlE0hD8vfJyLnT8ZSjByKd6Nu3QdA0dF0BboOcJQi74=	rustemzade.tunay.2000@gmail.com	\N	\N	\N	\N	\N	\N	\N	\N	\N	f
22	2024-03-10 10:21:14.373516+00	t	tunay2	t	t	2024-03-09 18:42:15.733172+00			pbkdf2_sha256$600000$YzNOXngZRw8Go5eXhPnQEF$FgQs7jEuQyF4wlQu1b29FJ7RV3MoHd3j4fMoOD+O6O4=	t@gmail.com									\N	f
\.


--
-- Data for Name: account_user_groups; Type: TABLE DATA; Schema: public; Owner: root
--

COPY public.account_user_groups (id, user_id, group_id) FROM stdin;
\.


--
-- Data for Name: account_user_user_permissions; Type: TABLE DATA; Schema: public; Owner: root
--

COPY public.account_user_user_permissions (id, user_id, permission_id) FROM stdin;
\.


--
-- Data for Name: account_wishlist; Type: TABLE DATA; Schema: public; Owner: root
--

COPY public.account_wishlist (id, created_at, updated_at, user_id, variant_id) FROM stdin;
17	2023-11-25 12:36:01.870827+00	2023-11-25 12:36:01.87084+00	1	18
18	2023-12-01 10:18:10.484322+00	2023-12-01 10:18:10.48434+00	1	3
\.


--
-- Data for Name: auth_group; Type: TABLE DATA; Schema: public; Owner: root
--

COPY public.auth_group (id, name) FROM stdin;
\.


--
-- Data for Name: auth_group_permissions; Type: TABLE DATA; Schema: public; Owner: root
--

COPY public.auth_group_permissions (id, group_id, permission_id) FROM stdin;
\.


--
-- Data for Name: auth_permission; Type: TABLE DATA; Schema: public; Owner: root
--

COPY public.auth_permission (id, name, content_type_id, codename) FROM stdin;
1	Can add log entry	1	add_logentry
2	Can change log entry	1	change_logentry
3	Can delete log entry	1	delete_logentry
4	Can view log entry	1	view_logentry
5	Can add permission	2	add_permission
6	Can change permission	2	change_permission
7	Can delete permission	2	delete_permission
8	Can view permission	2	view_permission
9	Can add group	3	add_group
10	Can change group	3	change_group
11	Can delete group	3	delete_group
12	Can view group	3	view_group
13	Can add content type	4	add_contenttype
14	Can change content type	4	change_contenttype
15	Can delete content type	4	delete_contenttype
16	Can view content type	4	view_contenttype
17	Can add session	5	add_session
18	Can change session	5	change_session
19	Can delete session	5	delete_session
20	Can view session	5	view_session
21	Can add about	6	add_about
22	Can change about	6	change_about
23	Can delete about	6	delete_about
24	Can view about	6	view_about
25	Can add contact	7	add_contact
26	Can change contact	7	change_contact
27	Can delete contact	7	delete_contact
28	Can view contact	7	view_contact
29	Can add creator	8	add_creator
30	Can change creator	8	change_creator
31	Can delete creator	8	delete_creator
32	Can view creator	8	view_creator
33	Can add faq	9	add_faq
34	Can change faq	9	change_faq
35	Can delete faq	9	delete_faq
36	Can view faq	9	view_faq
37	Can add MainPhotos	10	add_mainphotos
38	Can change MainPhotos	10	change_mainphotos
39	Can delete MainPhotos	10	delete_mainphotos
40	Can view MainPhotos	10	view_mainphotos
41	Can add subscriber	11	add_subscriber
42	Can change subscriber	11	change_subscriber
43	Can delete subscriber	11	delete_subscriber
44	Can view subscriber	11	view_subscriber
45	Can add category	12	add_category
46	Can change category	12	change_category
47	Can delete category	12	delete_category
48	Can view category	12	view_category
49	Can add product	13	add_product
50	Can change product	13	change_product
51	Can delete product	13	delete_product
52	Can view product	13	view_product
53	Can add vendor	14	add_vendor
54	Can change vendor	14	change_vendor
55	Can delete vendor	14	delete_vendor
56	Can view vendor	14	view_vendor
57	Can add variant	15	add_variant
58	Can change variant	15	change_variant
59	Can delete variant	15	delete_variant
60	Can view variant	15	view_variant
61	Can add Option	16	add_option
62	Can change Option	16	change_option
63	Can delete Option	16	delete_option
64	Can view Option	16	view_option
65	Can add image	17	add_image
66	Can change image	17	change_image
67	Can delete image	17	delete_image
68	Can view image	17	view_image
69	Can add color	18	add_color
70	Can change color	18	change_color
71	Can delete color	18	delete_color
72	Can view color	18	view_color
73	Can add size	19	add_size
74	Can change size	19	change_size
75	Can delete size	19	delete_size
76	Can view size	19	view_size
77	Can add user	20	add_user
78	Can change user	20	change_user
79	Can delete user	20	delete_user
80	Can view user	20	view_user
81	Can add wish list	21	add_wishlist
82	Can change wish list	21	change_wishlist
83	Can delete wish list	21	delete_wishlist
84	Can view wish list	21	view_wishlist
85	Can add review	22	add_review
86	Can change review	22	change_review
87	Can delete review	22	delete_review
88	Can view review	22	view_review
89	Can add cart	23	add_cart
90	Can change cart	23	change_cart
91	Can delete cart	23	delete_cart
92	Can view cart	23	view_cart
93	Can add billing	24	add_billing
94	Can change billing	24	change_billing
95	Can delete billing	24	delete_billing
96	Can view billing	24	view_billing
97	Can add subscriber	25	add_subscriber
98	Can change subscriber	25	change_subscriber
99	Can delete subscriber	25	delete_subscriber
100	Can view subscriber	25	view_subscriber
101	Can add profile	26	add_profile
102	Can change profile	26	change_profile
103	Can delete profile	26	delete_profile
104	Can view profile	26	view_profile
105	Can add orders	27	add_orders
106	Can change orders	27	change_orders
107	Can delete orders	27	delete_orders
108	Can view orders	27	view_orders
109	Can add cart	28	add_cart
110	Can change cart	28	change_cart
111	Can delete cart	28	delete_cart
112	Can view cart	28	view_cart
113	Can add association	29	add_association
114	Can change association	29	change_association
115	Can delete association	29	delete_association
116	Can view association	29	view_association
117	Can add code	30	add_code
118	Can change code	30	change_code
119	Can delete code	30	delete_code
120	Can view code	30	view_code
121	Can add nonce	31	add_nonce
122	Can change nonce	31	change_nonce
123	Can delete nonce	31	delete_nonce
124	Can view nonce	31	view_nonce
125	Can add user social auth	32	add_usersocialauth
126	Can change user social auth	32	change_usersocialauth
127	Can delete user social auth	32	delete_usersocialauth
128	Can view user social auth	32	view_usersocialauth
129	Can add partial	33	add_partial
130	Can change partial	33	change_partial
131	Can delete partial	33	delete_partial
132	Can view partial	33	view_partial
133	Can add crontab	34	add_crontabschedule
134	Can change crontab	34	change_crontabschedule
135	Can delete crontab	34	delete_crontabschedule
136	Can view crontab	34	view_crontabschedule
137	Can add interval	35	add_intervalschedule
138	Can change interval	35	change_intervalschedule
139	Can delete interval	35	delete_intervalschedule
140	Can view interval	35	view_intervalschedule
141	Can add periodic task	36	add_periodictask
142	Can change periodic task	36	change_periodictask
143	Can delete periodic task	36	delete_periodictask
144	Can view periodic task	36	view_periodictask
145	Can add periodic tasks	37	add_periodictasks
146	Can change periodic tasks	37	change_periodictasks
147	Can delete periodic tasks	37	delete_periodictasks
148	Can view periodic tasks	37	view_periodictasks
149	Can add solar event	38	add_solarschedule
150	Can change solar event	38	change_solarschedule
151	Can delete solar event	38	delete_solarschedule
152	Can view solar event	38	view_solarschedule
153	Can add clocked	39	add_clockedschedule
154	Can change clocked	39	change_clockedschedule
155	Can delete clocked	39	delete_clockedschedule
156	Can view clocked	39	view_clockedschedule
157	Can add cart item	40	add_cartitem
158	Can change cart item	40	change_cartitem
159	Can delete cart item	40	delete_cartitem
160	Can view cart item	40	view_cartitem
\.


--
-- Data for Name: core_about; Type: TABLE DATA; Schema: public; Owner: root
--

COPY public.core_about (id, created_at, updated_at, "desc", address, email, phone_number, fax, image) FROM stdin;
\.


--
-- Data for Name: core_contact; Type: TABLE DATA; Schema: public; Owner: root
--

COPY public.core_contact (id, created_at, updated_at, first_name, last_name, phone_number, email, message) FROM stdin;
1	2023-11-08 14:59:16.851809+00	2023-11-08 14:59:16.851881+00	Jhon	Snow	797-75-70	rustemzade.tunay.2000@gmail.com	salammm
\.


--
-- Data for Name: core_creator; Type: TABLE DATA; Schema: public; Owner: root
--

COPY public.core_creator (id, created_at, updated_at, full_name, speciality, "desc", image) FROM stdin;
\.


--
-- Data for Name: core_faq; Type: TABLE DATA; Schema: public; Owner: root
--

COPY public.core_faq (id, created_at, updated_at, answer, question) FROM stdin;
\.


--
-- Data for Name: core_mainphotos; Type: TABLE DATA; Schema: public; Owner: root
--

COPY public.core_mainphotos (id, created_at, updated_at, title, creator, date, image, blog, insta) FROM stdin;
3	2023-10-27 22:03:20.889788+00	2023-10-27 22:03:20.889805+00	\N	\N	\N	main_media/optimized_large_thumb_stage_XjIL5y4.jpg	f	f
4	2023-10-27 22:03:26.890517+00	2023-10-27 22:03:26.890534+00	\N	\N	\N	main_media/optimized_large_thumb_stage_ISO1IK2.jpg	f	f
5	2023-10-27 22:03:32.452701+00	2023-10-27 22:03:32.452738+00	\N	\N	\N	main_media/optimized_large_thumb_stage_yNVfHA7.jpg	f	f
6	2023-10-27 22:03:37.360466+00	2023-10-27 22:03:37.360482+00	\N	\N	\N	main_media/optimized_large_thumb_stage_lKtxyan.jpg	f	f
2	2023-10-27 22:03:08.923622+00	2023-11-08 15:39:59.310233+00	\N	\N	\N	main_media/women_banner.jpg	f	f
1	2023-10-27 22:03:03.027768+00	2023-11-08 15:40:49.901447+00	\N	\N	\N	main_media/men_banner.jpeg	f	f
\.


--
-- Data for Name: core_subscriber; Type: TABLE DATA; Schema: public; Owner: root
--

COPY public.core_subscriber (id, created_at, updated_at, email) FROM stdin;
53	2023-11-19 15:12:37.239247+00	2023-11-19 15:12:37.239267+00	rustemzade.tunay.2000@gmail.com
54	2023-11-20 16:03:18.046385+00	2023-11-20 16:03:18.046398+00	amilalizada@gmail.com
\.


--
-- Data for Name: django_admin_log; Type: TABLE DATA; Schema: public; Owner: root
--

COPY public.django_admin_log (id, action_time, object_id, object_repr, action_flag, change_message, content_type_id, user_id) FROM stdin;
1	2023-10-27 22:03:03.030969+00	1	MainPhotos object (1)	1	[{"added": {}}]	10	1
2	2023-10-27 22:03:08.926621+00	2	MainPhotos object (2)	1	[{"added": {}}]	10	1
3	2023-10-27 22:03:20.892393+00	3	MainPhotos object (3)	1	[{"added": {}}]	10	1
4	2023-10-27 22:03:26.893068+00	4	MainPhotos object (4)	1	[{"added": {}}]	10	1
5	2023-10-27 22:03:32.459677+00	5	MainPhotos object (5)	1	[{"added": {}}]	10	1
6	2023-10-27 22:03:37.36297+00	6	MainPhotos object (6)	1	[{"added": {}}]	10	1
7	2023-10-28 08:13:18.853219+00	1	Men	1	[{"added": {}}]	12	1
8	2023-10-28 08:13:23.881514+00	2	Women	1	[{"added": {}}]	12	1
9	2023-10-28 08:13:31.868403+00	2	Women	2	[{"changed": {"fields": ["Title [az]"]}}]	12	1
10	2023-10-28 08:14:02.496819+00	3	Kids	1	[{"added": {}}]	12	1
11	2023-10-28 08:14:10.903116+00	2	Women	2	[{"changed": {"fields": ["tree_id"]}}]	12	1
12	2023-10-28 08:14:13.671916+00	1	Men	2	[{"changed": {"fields": ["tree_id"]}}]	12	1
13	2023-10-28 08:14:16.226491+00	2	Women	2	[{"changed": {"fields": ["tree_id"]}}]	12	1
14	2023-10-28 08:18:27.026402+00	1	Nike	1	[{"added": {}}]	14	1
15	2023-10-28 08:36:19.494357+00	1	Green	1	[{"added": {}}]	18	1
16	2023-10-28 08:36:25.61448+00	2	Black	1	[{"added": {}}]	18	1
17	2023-10-28 08:36:30.499433+00	3	White	1	[{"added": {}}]	18	1
18	2023-10-28 08:37:38.789241+00	1	Men's Cable Knit Turtleneck Sweater	1	[{"added": {}}, {"added": {"name": "variant", "object": "Men's Cable Knit Turtleneck Sweater Black"}}, {"added": {"name": "variant", "object": "Men's Cable Knit Turtleneck Sweater Green"}}, {"added": {"name": "variant", "object": "Men's Cable Knit Turtleneck Sweater White"}}]	13	1
19	2023-10-28 08:40:49.986012+00	1	Men's Cable Knit Turtleneck Sweater Black	2	[{"added": {"name": "image", "object": "Men's Cable Knit Turtleneck Sweater Black"}}]	15	1
20	2023-10-28 08:41:17.674431+00	2	Men's Cable Knit Turtleneck Sweater Green	2	[{"added": {"name": "image", "object": "Men's Cable Knit Turtleneck Sweater Green"}}]	15	1
21	2023-10-28 08:41:24.560669+00	2	Men's Cable Knit Turtleneck Sweater Green	2	[{"changed": {"name": "image", "object": "Men's Cable Knit Turtleneck Sweater Green", "fields": ["Is main"]}}]	15	1
22	2023-10-28 08:41:43.532568+00	3	Men's Cable Knit Turtleneck Sweater White	2	[{"added": {"name": "image", "object": "Men's Cable Knit Turtleneck Sweater White"}}]	15	1
23	2023-10-28 08:42:30.922448+00	1	XS	1	[{"added": {}}]	19	1
24	2023-10-28 08:42:34.383496+00	2	S	1	[{"added": {}}]	19	1
25	2023-10-28 08:42:38.164217+00	3	M	1	[{"added": {}}]	19	1
26	2023-10-28 08:42:42.378695+00	4	L	1	[{"added": {}}]	19	1
27	2023-10-28 08:42:44.896915+00	5	XL	1	[{"added": {}}]	19	1
28	2023-10-28 08:42:47.467381+00	6	XXL	1	[{"added": {}}]	19	1
29	2023-10-28 08:43:21.651255+00	1	Men's Cable Knit Turtleneck Sweater Black	2	[{"added": {"name": "Option", "object": "Men's Cable Knit Turtleneck Sweater Black"}}, {"added": {"name": "Option", "object": "Men's Cable Knit Turtleneck Sweater Black"}}]	15	1
30	2023-10-28 09:01:27.146033+00	4	Red	1	[{"added": {}}]	18	1
31	2023-10-28 09:01:30.778207+00	5	Blue	1	[{"added": {}}]	18	1
32	2023-10-28 09:02:33.428567+00	2	Women's Over-Oversized Crewneck Sweatshirt	1	[{"added": {}}, {"added": {"name": "variant", "object": "Women's Over-Oversized Crewneck Sweatshirt Red"}}, {"added": {"name": "variant", "object": "Women's Over-Oversized Crewneck Sweatshirt Blue"}}]	13	1
33	2023-10-28 09:03:02.048665+00	4	Women's Over-Oversized Crewneck Sweatshirt Red	2	[{"added": {"name": "image", "object": "Women's Over-Oversized Crewneck Sweatshirt Red"}}, {"added": {"name": "Option", "object": "Women's Over-Oversized Crewneck Sweatshirt Red"}}]	15	1
34	2023-10-28 09:03:19.396815+00	5	Women's Over-Oversized Crewneck Sweatshirt Blue	2	[{"added": {"name": "image", "object": "Women's Over-Oversized Crewneck Sweatshirt Blue"}}, {"added": {"name": "Option", "object": "Women's Over-Oversized Crewneck Sweatshirt Blue"}}]	15	1
35	2023-10-28 09:07:10.547621+00	1	Men's Cable Knit Turtleneck Sweater	2	[{"changed": {"fields": ["New status"]}}]	13	1
36	2023-10-28 09:32:09.966162+00	4	Women's Over-Oversized Crewneck Sweatshirt Red	2	[{"added": {"name": "image", "object": "Women's Over-Oversized Crewneck Sweatshirt Red"}}, {"changed": {"name": "image", "object": "Women's Over-Oversized Crewneck Sweatshirt Red", "fields": ["Product"]}}]	15	1
37	2023-10-28 09:33:01.001904+00	5	Women's Over-Oversized Crewneck Sweatshirt Blue	2	[{"changed": {"fields": ["Product"]}}]	17	1
38	2023-10-28 17:15:26.401701+00	1	Men's Cable Knit Turtleneck Sweater	2	[{"added": {"name": "variant", "object": "Men's Cable Knit Turtleneck Sweater Red"}}]	13	1
39	2023-10-28 17:18:40.16648+00	2	Men's Cable Knit Turtleneck Sweater Green	2	[{"added": {"name": "image", "object": "Men's Cable Knit Turtleneck Sweater Green"}}, {"added": {"name": "Option", "object": "Men's Cable Knit Turtleneck Sweater Green"}}]	15	1
40	2023-10-28 17:18:59.339481+00	3	Men's Cable Knit Turtleneck Sweater White	2	[{"added": {"name": "image", "object": "Men's Cable Knit Turtleneck Sweater White"}}]	15	1
41	2023-10-28 17:19:12.424694+00	4	Women's Over-Oversized Crewneck Sweatshirt Red	3		15	1
42	2023-10-28 17:19:45.439814+00	5	Women's Over-Oversized Crewneck Sweatshirt Blue	2	[{"added": {"name": "image", "object": "Women's Over-Oversized Crewneck Sweatshirt Blue"}}]	15	1
43	2023-10-28 17:19:58.758876+00	6	Men's Cable Knit Turtleneck Sweater Red	2	[{"added": {"name": "image", "object": "Men's Cable Knit Turtleneck Sweater Red"}}]	15	1
44	2023-10-28 17:36:55.320282+00	2	Women's Over-Oversized Crewneck Sweatshirt	2	[{"added": {"name": "variant", "object": "Women's Over-Oversized Crewneck Sweatshirt Red"}}]	13	1
45	2023-10-28 17:37:17.769722+00	6	Men's Cable Knit Turtleneck Sweater Red	3		15	1
46	2023-10-28 17:37:50.704221+00	7	Women's Over-Oversized Crewneck Sweatshirt Red	2	[{"added": {"name": "image", "object": "Women's Over-Oversized Crewneck Sweatshirt Red"}}, {"added": {"name": "image", "object": "Women's Over-Oversized Crewneck Sweatshirt Red"}}]	15	1
47	2023-10-28 17:38:26.490926+00	7	Women's Over-Oversized Crewneck Sweatshirt Red	2	[{"deleted": {"name": "image", "object": "Women's Over-Oversized Crewneck Sweatshirt Red"}}]	15	1
48	2023-10-28 18:29:33.468966+00	1	Men's Cable Knit Turtleneck Sweater Black	2	[{"deleted": {"name": "image", "object": "Men's Cable Knit Turtleneck Sweater Black"}}, {"deleted": {"name": "image", "object": "Men's Cable Knit Turtleneck Sweater Black"}}, {"deleted": {"name": "image", "object": "Men's Cable Knit Turtleneck Sweater Black"}}, {"deleted": {"name": "image", "object": "Men's Cable Knit Turtleneck Sweater Black"}}, {"deleted": {"name": "image", "object": "Men's Cable Knit Turtleneck Sweater Black"}}]	15	1
49	2023-10-28 18:30:41.278226+00	2	Men's Cable Knit Turtleneck Sweater Green	2	[{"added": {"name": "image", "object": "Men's Cable Knit Turtleneck Sweater Green"}}]	15	1
50	2023-10-28 18:31:15.315492+00	2	Men's Cable Knit Turtleneck Sweater Green	2	[{"deleted": {"name": "image", "object": "Men's Cable Knit Turtleneck Sweater Green"}}]	15	1
51	2023-10-28 18:31:24.596456+00	1	Men's Cable Knit Turtleneck Sweater Black	2	[{"added": {"name": "image", "object": "Men's Cable Knit Turtleneck Sweater Black"}}]	15	1
52	2023-10-28 19:24:11.490179+00	1	Men's Cable Knit Turtleneck Sweater Black	2	[{"changed": {"fields": ["New status"]}}]	15	1
53	2023-10-28 19:24:35.972712+00	2	Men's Cable Knit Turtleneck Sweater Green	2	[{"changed": {"fields": ["New status"]}}]	15	1
54	2023-10-28 19:24:42.962115+00	1	Men's Cable Knit Turtleneck Sweater Black	2	[{"changed": {"fields": ["New status"]}}]	15	1
55	2023-10-28 19:26:37.611934+00	1	Men's Cable Knit Turtleneck Sweater Black	2	[{"changed": {"fields": ["New status"]}}]	15	1
56	2023-10-28 19:26:45.508149+00	7	Women's Over-Oversized Crewneck Sweatshirt Red	2	[{"changed": {"fields": ["New status"]}}]	15	1
57	2023-10-28 19:29:29.789419+00	1	Men's Cable Knit Turtleneck Sweater Black	2	[{"deleted": {"name": "image", "object": "Men's Cable Knit Turtleneck Sweater Black"}}]	15	1
58	2023-10-28 19:29:51.07239+00	1	Men's Cable Knit Turtleneck Sweater Black	2	[{"changed": {"fields": ["Discount type", "Discount amount"]}}]	15	1
59	2023-10-29 16:32:55.010202+00	3	Women's Fleece Track Top	1	[{"added": {}}, {"added": {"name": "variant", "object": "Women's Fleece Track Top Green"}}, {"added": {"name": "variant", "object": "Women's Fleece Track Top Black"}}]	13	1
60	2023-10-29 16:33:36.682003+00	8	Women's Fleece Track Top Green	2	[{"added": {"name": "image", "object": "Women's Fleece Track Top Green"}}]	15	1
61	2023-10-29 16:34:00.279382+00	9	Women's Fleece Track Top Black	2	[{"added": {"name": "image", "object": "Women's Fleece Track Top Black"}}]	15	1
62	2023-10-30 09:42:01.847008+00	9	Women's Fleece Track Top Black	2	[{"changed": {"fields": ["Is main variant"]}}]	15	1
63	2023-10-30 09:42:14.944872+00	8	Women's Fleece Track Top Green	3		15	1
64	2023-10-30 11:40:38.82754+00	4	Clothing ~ Men	1	[{"added": {}}]	12	1
65	2023-10-30 11:40:49.222149+00	5	Clothing ~ Women	1	[{"added": {}}]	12	1
66	2023-10-30 11:56:19.507089+00	2	Women's Over-Oversized Crewneck Sweatshirt	2	[{"changed": {"fields": ["Category"]}}]	13	1
67	2023-10-30 11:58:34.398926+00	6	Shoes ~ Women	1	[{"added": {}}]	12	1
68	2023-10-30 11:58:43.946483+00	7	Shoes ~ Men	1	[{"added": {}}]	12	1
69	2023-10-30 12:31:38.333316+00	3	Women's Fleece Track Top	2	[{"changed": {"fields": ["Category"]}}]	13	1
70	2023-10-30 15:10:39.934338+00	4	Nike Air Force 1 Wild	1	[{"added": {}}, {"added": {"name": "variant", "object": "Nike Air Force 1 Wild Green"}}, {"added": {"name": "variant", "object": "Nike Air Force 1 Wild Red"}}, {"added": {"name": "variant", "object": "Nike Air Force 1 Wild White"}}]	13	1
71	2023-10-30 15:11:37.341162+00	12	Nike Air Force 1 Wild White	2	[{"added": {"name": "image", "object": "Nike Air Force 1 Wild White"}}]	15	1
72	2023-10-30 15:14:41.650762+00	11	Nike Air Force 1 Wild Red	2	[{"added": {"name": "image", "object": "Nike Air Force 1 Wild Red"}}]	15	1
73	2023-10-30 15:15:13.468821+00	10	Nike Air Force 1 Wild Green	2	[{"added": {"name": "image", "object": "Nike Air Force 1 Wild Green"}}]	15	1
74	2023-10-30 15:23:40.390367+00	10	Nike Air Force 1 Wild Green	2	[{"changed": {"name": "image", "object": "Nike Air Force 1 Wild Green", "fields": ["Image"]}}]	15	1
75	2023-10-30 15:23:58.676439+00	11	Nike Air Force 1 Wild Red	2	[{"changed": {"name": "image", "object": "Nike Air Force 1 Wild Red", "fields": ["Image", "Is main"]}}]	15	1
76	2023-10-30 18:02:49.015262+00	1	Men's Cable Knit Turtleneck Sweater	2	[{"changed": {"fields": ["Category"]}}]	13	1
77	2023-10-30 18:09:40.020979+00	8	Jordan ~ Clothing ~ Women	1	[{"added": {}}]	12	1
78	2023-10-30 22:08:53.039732+00	9	NBA ~ Jordan ~ Clothing ~ Women	1	[{"added": {}}]	12	1
79	2023-10-31 07:57:43.381742+00	8	Jordan ~ Clothing ~ Women	3		12	1
80	2023-10-31 08:08:14.597743+00	4	Nike Air Force 1 Wild	2	[{"changed": {"name": "variant", "object": "Nike Air Force 1 Wild Green", "fields": ["Is main variant"]}}, {"changed": {"name": "variant", "object": "Nike Air Force 1 Wild White", "fields": ["Is main variant"]}}]	13	1
81	2023-10-31 08:09:38.951041+00	10	Accessories	1	[{"added": {}}]	12	1
82	2023-10-31 08:09:51.699453+00	11	Accessories ~ Women	1	[{"added": {}}]	12	1
83	2023-10-31 08:11:21.367046+00	5	Glasses	1	[{"added": {}}, {"added": {"name": "variant", "object": "Glasses Black"}}]	13	1
84	2023-10-31 08:13:34.236891+00	13	Glasses Black	2	[{"added": {"name": "image", "object": "Glasses Black"}}]	15	1
85	2023-10-31 08:18:56.729302+00	10	Accessories	3		12	1
86	2023-10-31 08:19:13.505448+00	12	Accessories ~ Men	1	[{"added": {}}]	12	1
87	2023-10-31 08:30:59.295918+00	13	Accessories	1	[{"added": {}}]	12	1
88	2023-10-31 08:47:59.546781+00	6	Glasses Men	1	[{"added": {}}, {"added": {"name": "variant", "object": "Glasses Men Black"}}]	13	1
89	2023-10-31 08:48:08.747701+00	5	Glasses Women	2	[{"changed": {"fields": ["Title [en]"]}}]	13	1
90	2023-10-31 08:48:36.405983+00	14	Glasses Men Black	2	[{"added": {"name": "image", "object": "Glasses Men Black"}}]	15	1
91	2023-10-31 08:59:48.931266+00	13	Accessories	2	[{"changed": {"fields": ["tree_id"]}}]	12	1
92	2023-10-31 09:00:10.57163+00	14	Clothing ~ Kids	1	[{"added": {}}]	12	1
93	2023-10-31 09:00:23.124577+00	15	Accessories ~ Kids	1	[{"added": {}}]	12	1
94	2023-10-31 09:00:33.238842+00	16	Shoes ~ Kids	1	[{"added": {}}]	12	1
95	2023-10-31 09:04:25.064222+00	17	Men ~ Accessories	1	[{"added": {}}]	12	1
96	2023-10-31 09:05:07.820882+00	17	Men ~ Accessories	3		12	1
97	2023-11-01 16:59:19.365351+00	9	Women's Fleece Track Top Black	2	[{"changed": {"fields": ["Discount type", "Discount amount"]}}]	15	1
98	2023-11-04 15:08:41.073245+00	7	Women's Over-Oversized Crewneck Sweatshirt Red	2	[{"added": {"name": "Option", "object": "Women's Over-Oversized Crewneck Sweatshirt Red"}}, {"added": {"name": "Option", "object": "Women's Over-Oversized Crewneck Sweatshirt Red"}}]	15	1
99	2023-11-04 15:58:06.296607+00	2	Adidas	1	[{"added": {}}]	14	1
100	2023-11-04 15:58:20.958581+00	7	!!	1	[{"added": {}}, {"added": {"name": "variant", "object": "!! Black"}}]	13	1
101	2023-11-04 15:59:02.46828+00	15	!! Black	2	[{"added": {"name": "image", "object": "!! Black"}}, {"added": {"name": "Option", "object": "!! Black"}}]	15	1
102	2023-11-04 15:59:09.568371+00	15	!! Black	2	[{"changed": {"name": "image", "object": "!! Black", "fields": ["Is main"]}}]	15	1
103	2023-11-04 19:21:16.872603+00	18	Sport ~ Clothing ~ Women	1	[{"added": {}}]	12	1
104	2023-11-04 19:21:45.149647+00	2	Women's Over-Oversized Crewneck Sweatshirt	2	[{"changed": {"fields": ["Category"]}}]	13	1
105	2023-11-04 19:59:35.703533+00	2	Women's Over-Oversized Crewneck Sweatshirt	2	[{"changed": {"fields": ["Category"]}}]	13	1
106	2023-11-08 08:18:46.692163+00	12	Nike Air Force 1 Wild White	2	[]	15	1
278	2023-11-16 09:34:16.591315+00	7	tunay---Men's Cable Knit Turtleneck Sweater Black---2	3		28	1
107	2023-11-08 08:18:59.213353+00	12	Nike Air Force 1 Wild White	2	[{"changed": {"fields": ["Discount type", "Discount amount"]}}]	15	1
108	2023-11-08 08:23:05.115229+00	12	Nike Air Force 1 Wild White	2	[{"changed": {"fields": ["Title [az]"]}}, {"changed": {"name": "image", "object": "Nike", "fields": ["Image"]}}]	15	1
109	2023-11-08 08:23:29.932254+00	12	Nike Air Force 1 Wild White	2	[{"deleted": {"name": "image", "object": "Nike"}}]	15	1
110	2023-11-08 08:23:54.857325+00	12	Nike Air Force 1 Wild White	2	[{"added": {"name": "image", "object": "Nike"}}]	15	1
111	2023-11-08 09:50:17.568882+00	1	Subscriber object (1)	3		11	1
112	2023-11-08 10:41:57.229113+00	9	Subscriber object (9)	3		11	1
113	2023-11-08 10:41:57.236147+00	8	Subscriber object (8)	3		11	1
114	2023-11-08 10:41:57.240036+00	7	Subscriber object (7)	3		11	1
115	2023-11-08 10:41:57.243785+00	6	Subscriber object (6)	3		11	1
116	2023-11-08 10:41:57.24802+00	5	Subscriber object (5)	3		11	1
117	2023-11-08 10:41:57.252321+00	4	Subscriber object (4)	3		11	1
118	2023-11-08 10:41:57.256329+00	3	Subscriber object (3)	3		11	1
119	2023-11-08 10:41:57.259703+00	2	Subscriber object (2)	3		11	1
120	2023-11-08 12:01:23.449994+00	2	Subscriber object (2)	3		11	1
121	2023-11-08 15:39:59.312429+00	2	MainPhotos object (2)	2	[{"changed": {"fields": ["Image"]}}]	10	1
122	2023-11-08 15:40:49.902917+00	1	MainPhotos object (1)	2	[{"changed": {"fields": ["Image"]}}]	10	1
123	2023-11-08 16:16:29.57937+00	4	Clothing ~ Men	2	[]	12	1
124	2023-11-08 16:17:08.258739+00	5	Clothing ~ Women	2	[]	12	1
125	2023-11-08 16:17:26.447518+00	1	Men	2	[]	12	1
126	2023-11-08 16:17:31.529397+00	12	Accessories ~ Men	2	[]	12	1
127	2023-11-08 16:17:36.449359+00	4	Clothing ~ Men	2	[]	12	1
128	2023-11-08 16:17:38.697482+00	7	Shoes ~ Men	2	[]	12	1
129	2023-11-08 16:17:50.679481+00	11	Accessories ~ Women	2	[]	12	1
130	2023-11-08 16:18:02.546312+00	6	Shoes ~ Women	2	[]	12	1
131	2023-11-08 16:18:07.381867+00	15	Accessories ~ Kids	2	[]	12	1
132	2023-11-08 16:18:11.091932+00	14	Clothing ~ Kids	2	[]	12	1
133	2023-11-08 16:18:13.255918+00	16	Shoes ~ Kids	2	[]	12	1
134	2023-11-08 16:18:20.913333+00	13	Accessories	2	[]	12	1
135	2023-11-08 18:23:12.789625+00	5	Women's Over-Oversized Crewneck Sweatshirt Blue	2	[{"added": {"name": "image", "object": "Women's Over-Oversized Crewneck Sweatshirt Blue"}}]	15	1
136	2023-11-10 12:39:55.389393+00	5	Women's Over-Oversized Crewneck Sweatshirt Blue	2	[{"deleted": {"name": "image", "object": "Women's Over-Oversized Crewneck Sweatshirt Blue"}}, {"deleted": {"name": "image", "object": "Women's Over-Oversized Crewneck Sweatshirt Blue"}}]	15	1
137	2023-11-10 12:40:29.228413+00	5	Women's Over-Oversized Crewneck Sweatshirt Blue	2	[{"added": {"name": "image", "object": "Women's Over-Oversized Crewneck Sweatshirt Blue"}}]	15	1
138	2023-11-10 13:29:40.823709+00	5	Women's Over-Oversized Crewneck Sweatshirt Blue	2	[{"added": {"name": "Option", "object": "Women's Over-Oversized Crewneck Sweatshirt Blue"}}]	15	1
139	2023-11-10 13:49:00.576466+00	7	38	1	[{"added": {}}]	19	1
140	2023-11-10 13:49:06.378959+00	8	40	1	[{"added": {}}]	19	1
141	2023-11-10 13:49:10.707729+00	9	42	1	[{"added": {}}]	19	1
142	2023-11-10 13:49:15.698679+00	10	44	1	[{"added": {}}]	19	1
143	2023-11-10 13:49:21.050244+00	11	36	1	[{"added": {}}]	19	1
144	2023-11-10 13:50:33.869456+00	10	Nike Air Force 1 Wild Green	2	[{"added": {"name": "Option", "object": "Nike Air Force 1 Wild Green"}}]	15	1
145	2023-11-10 13:53:35.157242+00	11	Nike Air Force 1 Wild Red	2	[{"added": {"name": "Option", "object": "Nike Air Force 1 Wild Red"}}, {"added": {"name": "Option", "object": "Nike Air Force 1 Wild Red"}}]	15	1
146	2023-11-12 13:38:43.394721+00	1	tunay	3		26	1
147	2023-11-12 20:58:39.453107+00	7	!!	3		13	1
148	2023-11-12 20:58:39.459362+00	6	Glasses Men	3		13	1
149	2023-11-12 20:58:39.461449+00	5	Glasses Women	3		13	1
150	2023-11-12 21:01:08.869443+00	3	Pull&Bear	1	[{"added": {}}]	14	1
151	2023-11-12 21:03:38.456136+00	6	Aqua	1	[{"added": {}}]	18	1
152	2023-11-12 21:03:54.668275+00	7	Brown	1	[{"added": {}}]	18	1
153	2023-11-12 21:04:08.540343+00	8	Pull & Bear Oversize T-Shirt	1	[{"added": {}}, {"added": {"name": "variant", "object": "Pull & Bear Oversize T-Shirt Green"}}, {"added": {"name": "variant", "object": "Pull & Bear Oversize T-Shirt Aqua"}}, {"added": {"name": "variant", "object": "Pull & Bear Oversize T-Shirt Red"}}]	13	1
154	2023-11-12 21:05:56.839268+00	16	Pull & Bear Oversize T-Shirt Green	2	[{"changed": {"fields": ["Title [az]", "Discount type", "Discount amount"]}}, {"added": {"name": "image", "object": "Pull & Bear Oversize T-Shirt Green"}}, {"added": {"name": "Option", "object": "Pull & Bear Oversize T-Shirt Green"}}, {"added": {"name": "Option", "object": "Pull & Bear Oversize T-Shirt Green"}}, {"added": {"name": "Option", "object": "Pull & Bear Oversize T-Shirt Green"}}, {"added": {"name": "Option", "object": "Pull & Bear Oversize T-Shirt Green"}}, {"added": {"name": "Option", "object": "Pull & Bear Oversize T-Shirt Green"}}]	15	1
155	2023-11-12 21:06:32.819649+00	16	Pull & Bear Oversize T-Shirt Green	2	[{"changed": {"fields": ["New status"]}}]	15	1
156	2023-11-12 21:07:39.455546+00	17	Pull & Bear Oversize T-Shirt Aqua	2	[{"changed": {"fields": ["Title [az]", "New status", "Discount type", "Discount amount"]}}, {"added": {"name": "image", "object": "Pull & Bear Oversize T-Shirt Aqua"}}, {"added": {"name": "Option", "object": "Pull & Bear Oversize T-Shirt Aqua"}}, {"added": {"name": "Option", "object": "Pull & Bear Oversize T-Shirt Aqua"}}]	15	1
157	2023-11-12 21:08:37.57189+00	18	Pull & Bear Oversize T-Shirt Red	2	[{"changed": {"fields": ["Title [az]"]}}, {"added": {"name": "image", "object": "Pull & Bear Oversize T-Shirt Red"}}, {"added": {"name": "Option", "object": "Pull & Bear Oversize T-Shirt Red"}}, {"added": {"name": "Option", "object": "Pull & Bear Oversize T-Shirt Red"}}, {"added": {"name": "Option", "object": "Pull & Bear Oversize T-Shirt Red"}}]	15	1
158	2023-11-12 21:30:43.11188+00	4	Zara	1	[{"added": {}}]	14	1
159	2023-11-12 21:31:37.553325+00	9	Zara Wedding Dress	1	[{"added": {}}, {"added": {"name": "variant", "object": "Zara Wedding Dress Black"}}, {"added": {"name": "variant", "object": "Zara Wedding Dress Green"}}, {"added": {"name": "variant", "object": "Zara Wedding Dress Red"}}]	13	1
160	2023-11-12 21:32:53.111351+00	21	Zara Wedding Dress Red	2	[{"changed": {"fields": ["Title [az]"]}}, {"added": {"name": "image", "object": "Zara Wedding Dress Red"}}, {"added": {"name": "image", "object": "Zara Wedding Dress Red"}}, {"added": {"name": "Option", "object": "Zara Wedding Dress Red"}}, {"added": {"name": "Option", "object": "Zara Wedding Dress Red"}}, {"added": {"name": "Option", "object": "Zara Wedding Dress Red"}}]	15	1
200	2023-11-13 09:42:27.855262+00	31	Zara Men Wallet Black	2	[{"changed": {"fields": ["Title [az]", "New status"]}}, {"added": {"name": "image", "object": "Zara Men Wallet Black"}}]	15	1
161	2023-11-12 21:34:30.031428+00	20	Zara Wedding Dress Blue	2	[{"changed": {"fields": ["Title [en]", "Title [az]", "Color"]}}, {"added": {"name": "image", "object": "Zara Wedding Dress Blue"}}, {"added": {"name": "image", "object": "Zara Wedding Dress Blue"}}, {"added": {"name": "Option", "object": "Zara Wedding Dress Blue"}}, {"added": {"name": "Option", "object": "Zara Wedding Dress Blue"}}]	15	1
162	2023-11-12 21:34:45.11394+00	20	Zara Wedding Dress Blue	2	[]	15	1
163	2023-11-12 21:34:54.642977+00	19	Zara Wedding Dress Black	2	[{"changed": {"fields": ["Title [az]"]}}]	15	1
164	2023-11-12 21:35:36.670919+00	19	Zara Wedding Dress Black	2	[{"changed": {"fields": ["Title [az]", "New status", "Discount type", "Discount amount"]}}, {"added": {"name": "image", "object": "Zara Wedding Dress Black"}}, {"added": {"name": "image", "object": "Zara Wedding Dress Black"}}, {"added": {"name": "Option", "object": "Zara Wedding Dress Black"}}]	15	1
165	2023-11-12 21:41:05.791389+00	19	Zara Wedding Dress Black	2	[{"deleted": {"name": "image", "object": "Zara Wedding Dress Black"}}]	15	1
166	2023-11-12 21:42:10.594745+00	19	Zara Wedding Dress Black	2	[{"added": {"name": "image", "object": "Zara Wedding Dress Black"}}]	15	1
167	2023-11-12 21:47:03.467089+00	19	Zara Wedding Dress Black	2	[{"deleted": {"name": "image", "object": "Zara Wedding Dress Black"}}]	15	1
168	2023-11-13 08:38:31.253768+00	21	Zara Wedding Dress Red	2	[{"deleted": {"name": "image", "object": "Zara Wedding Dress Red"}}]	15	1
169	2023-11-13 08:38:44.315786+00	20	Zara Wedding Dress Blue	2	[{"deleted": {"name": "image", "object": "Zara Wedding Dress Blue"}}]	15	1
170	2023-11-13 08:46:28.45287+00	10	KIDS Adidas  Sweatshirt	1	[{"added": {}}, {"added": {"name": "variant", "object": "KIDS Adidas  Sweatshirt Aqua"}}, {"added": {"name": "variant", "object": "KIDS Adidas  Sweatshirt White"}}]	13	1
171	2023-11-13 09:04:23.574924+00	22	KIDS Adidas  Sweatshirt Aqua	2	[{"changed": {"fields": ["Title [az]", "New status", "Discount type", "Discount amount"]}}, {"added": {"name": "image", "object": "KIDS Adidas  Sweatshirt Aqua"}}, {"added": {"name": "Option", "object": "KIDS Adidas  Sweatshirt Aqua"}}, {"added": {"name": "Option", "object": "KIDS Adidas  Sweatshirt Aqua"}}]	15	1
172	2023-11-13 09:04:35.288648+00	8	Milk	1	[{"added": {}}]	18	1
173	2023-11-13 09:04:38.315055+00	22	KIDS Adidas  Sweatshirt Milk	2	[{"changed": {"fields": ["Color"]}}]	15	1
174	2023-11-13 09:04:55.277427+00	22	KIDS Adidas  Sweatshirt Milk	2	[{"changed": {"fields": ["Title [az]"]}}]	15	1
175	2023-11-13 09:05:02.862328+00	22	KIDS Adidas  Sweatshirt Milk	2	[]	15	1
176	2023-11-13 09:07:37.230559+00	8	Wheat	2	[{"changed": {"fields": ["Title"]}}]	18	1
177	2023-11-13 09:07:45.508437+00	22	KIDS Adidas  Sweatshirt Wheat	2	[]	15	1
178	2023-11-13 09:10:33.531094+00	23	KIDS Adidas  Sweatshirt Aqua	2	[{"changed": {"fields": ["Title [en]", "Color"]}}, {"added": {"name": "image", "object": "KIDS Adidas  Sweatshirt Aqua"}}, {"added": {"name": "Option", "object": "KIDS Adidas  Sweatshirt Aqua"}}]	15	1
179	2023-11-13 09:10:39.601193+00	23	KIDS Adidas  Sweatshirt Aqua	2	[{"changed": {"name": "image", "object": "KIDS Adidas  Sweatshirt Aqua", "fields": ["Is main"]}}]	15	1
180	2023-11-13 09:12:55.439102+00	11	KIDS Nike Sweatshirt	1	[{"added": {}}, {"added": {"name": "variant", "object": "KIDS Nike Sweatshirt Wheat"}}]	13	1
181	2023-11-13 09:13:39.108915+00	24	KIDS Nike Sweatshirt Wheat	2	[{"added": {"name": "image", "object": "KIDS Nike Sweatshirt Wheat"}}, {"added": {"name": "Option", "object": "KIDS Nike Sweatshirt Wheat"}}]	15	1
182	2023-11-13 09:18:41.823077+00	9	Pink	1	[{"added": {}}]	18	1
183	2023-11-13 09:19:33.81255+00	10	Purple	1	[{"added": {}}]	18	1
184	2023-11-13 09:20:35.00934+00	12	Zara Kids Shoes	1	[{"added": {}}, {"added": {"name": "variant", "object": "Zara Kids Shoes Pink"}}, {"added": {"name": "variant", "object": "Zara Kids Shoes Purple"}}]	13	1
185	2023-11-13 09:21:55.091764+00	12	34	1	[{"added": {}}]	19	1
186	2023-11-13 09:22:09.324658+00	26	Zara Kids Shoes Purple	2	[{"changed": {"fields": ["Title [az]", "New status"]}}, {"added": {"name": "image", "object": "Zara Kids Shoes Purple"}}, {"added": {"name": "Option", "object": "Zara Kids Shoes Purple"}}]	15	1
187	2023-11-13 09:22:15.518422+00	25	Zara Kids Shoes Pink	2	[{"changed": {"fields": ["Title [az]"]}}]	15	1
188	2023-11-13 09:23:11.988724+00	25	Zara Kids Shoes Pink	2	[{"changed": {"fields": ["Title [az]", "New status"]}}, {"added": {"name": "image", "object": "Zara Kids Shoes Pink"}}, {"added": {"name": "Option", "object": "Zara Kids Shoes Pink"}}, {"added": {"name": "Option", "object": "Zara Kids Shoes Pink"}}]	15	1
189	2023-11-13 09:23:18.713593+00	25	Zara Kids Shoes Pink	2	[{"changed": {"name": "image", "object": "Zara Kids Shoes Pink", "fields": ["Is main"]}}]	15	1
190	2023-11-13 09:27:32.173969+00	13	Pull & Bear Kids Shoes	1	[{"added": {}}, {"added": {"name": "variant", "object": "Pull & Bear Kids Shoes Blue"}}]	13	1
191	2023-11-13 09:28:36.101023+00	27	Pull & Bear Kids Shoes Blue	2	[{"changed": {"fields": ["Title [az]", "New status", "Discount type", "Discount amount"]}}, {"added": {"name": "image", "object": "Pull & Bear Kids Shoes Blue"}}, {"added": {"name": "Option", "object": "Pull & Bear Kids Shoes Blue"}}, {"added": {"name": "Option", "object": "Pull & Bear Kids Shoes Blue"}}, {"added": {"name": "Option", "object": "Pull & Bear Kids Shoes Blue"}}]	15	1
192	2023-11-13 09:31:43.554512+00	14	Kids Adidas Sweatshirt Women	1	[{"added": {}}, {"added": {"name": "variant", "object": "Kids Adidas Sweatshirt Women Blue"}}]	13	1
193	2023-11-13 09:32:29.046865+00	28	Kids Adidas Sweatshirt Women Blue	2	[{"changed": {"fields": ["Title [az]", "New status"]}}, {"added": {"name": "image", "object": "Kids Adidas Sweatshirt Women Blue"}}, {"added": {"name": "Option", "object": "Kids Adidas Sweatshirt Women Blue"}}]	15	1
194	2023-11-13 09:32:49.094652+00	3	Men's Cable Knit Turtleneck Sweater White	2	[{"added": {"name": "Option", "object": "Men's Cable Knit Turtleneck Sweater White"}}]	15	1
195	2023-11-13 09:33:07.832939+00	9	Women's Fleece Track Top Black	2	[{"added": {"name": "Option", "object": "Women's Fleece Track Top Black"}}]	15	1
196	2023-11-13 09:39:36.942928+00	15	Pull & Bear Women Glasses	1	[{"added": {}}, {"added": {"name": "variant", "object": "Pull & Bear Women Glasses White"}}, {"added": {"name": "variant", "object": "Pull & Bear Women Glasses Black"}}]	13	1
197	2023-11-13 09:40:14.097269+00	30	Pull & Bear Women Glasses Black	2	[{"added": {"name": "image", "object": "Pull & Bear Women Glasses Black"}}, {"added": {"name": "Option", "object": "Pull & Bear Women Glasses Black"}}]	15	1
198	2023-11-13 09:40:38.962441+00	29	Pull & Bear Women Glasses White	2	[{"changed": {"fields": ["Title [az]", "New status"]}}, {"added": {"name": "image", "object": "Pull & Bear Women Glasses White"}}, {"added": {"name": "Option", "object": "Pull & Bear Women Glasses White"}}]	15	1
199	2023-11-13 09:41:37.741732+00	16	Zara Men Wallet	1	[{"added": {}}, {"added": {"name": "variant", "object": "Zara Men Wallet Black"}}]	13	1
201	2023-11-13 09:44:27.18786+00	17	Zara Men Belt	1	[{"added": {}}, {"added": {"name": "variant", "object": "Zara Men Belt Black"}}]	13	1
202	2023-11-13 09:45:15.659245+00	32	Zara Men Belt Black	2	[{"changed": {"fields": ["Title [az]", "New status", "Discount type", "Discount amount"]}}, {"added": {"name": "image", "object": "Zara Men Belt Black"}}, {"added": {"name": "Option", "object": "Zara Men Belt Black"}}]	15	1
203	2023-11-13 09:46:22.009762+00	18	Pull & Bear Women Bag	1	[{"added": {}}, {"added": {"name": "variant", "object": "Pull & Bear Women Bag Black"}}]	13	1
204	2023-11-13 09:46:57.337698+00	33	Pull & Bear Women Bag Black	2	[{"changed": {"fields": ["Title [az]", "New status"]}}, {"added": {"name": "image", "object": "Pull & Bear Women Bag Black"}}, {"added": {"name": "Option", "object": "Pull & Bear Women Bag Black"}}]	15	1
205	2023-11-13 15:18:47.387491+00	1	tunay	2	[{"changed": {"fields": ["First name", "Last name"]}}]	20	1
206	2023-11-13 15:32:02.869163+00	2	amilalizada	2	[{"changed": {"fields": ["Email confirmed"]}}]	20	1
207	2023-11-13 18:31:15.69163+00	3	ragnar_lothbrok	3		20	1
208	2023-11-13 18:31:15.703835+00	2	amilalizada	3		20	1
209	2023-11-14 12:25:32.729612+00	8	rustemzade.tunay.2000	3		20	1
210	2023-11-14 12:25:32.735613+00	7	rl4573509	3		20	1
211	2023-11-14 12:25:32.737599+00	6	RagnarLothbrok	3		20	1
212	2023-11-14 12:25:32.739409+00	5	adss	3		20	1
213	2023-11-14 12:25:32.741261+00	4	ragnar_lothbrok	3		20	1
214	2023-11-14 12:32:44.906882+00	10	rl4573509	2	[{"changed": {"fields": ["First name"]}}]	20	1
215	2023-11-14 12:33:20.011663+00	10	rl4573509	2	[{"changed": {"fields": ["First name"]}}]	20	1
216	2023-11-14 14:53:54.954554+00	10	rl4573509	2	[{"changed": {"fields": ["First name"]}}]	20	1
217	2023-11-14 15:07:24.615043+00	3	Review object (3)	2	[{"changed": {"fields": ["Rating"]}}]	22	1
218	2023-11-14 16:13:52.123539+00	1	every 5 seconds	1	[{"added": {}}]	35	1
219	2023-11-14 16:14:05.805791+00	2	Subscribe: every 5 seconds	1	[{"added": {}}]	36	1
220	2023-11-14 16:30:26.436924+00	1	every 5 minutes	2	[{"changed": {"fields": ["Interval Period"]}}]	35	1
221	2023-11-14 16:33:46.831304+00	1	every 5 seconds	2	[{"changed": {"fields": ["Interval Period"]}}]	35	1
222	2023-11-15 10:01:11.033984+00	1	every 15 seconds	2	[{"changed": {"fields": ["Number of Periods"]}}]	35	1
223	2023-11-15 10:01:16.735697+00	2	Subscribe: every 15 seconds	2	[]	36	1
224	2023-11-15 11:40:58.533422+00	1	every 2 days	2	[{"changed": {"fields": ["Number of Periods", "Interval Period"]}}]	35	1
225	2023-11-15 11:41:08.373335+00	2	Subscribe: every 2 days	2	[]	36	1
226	2023-11-15 13:26:33.758181+00	3	Review object (3)	2	[{"changed": {"fields": ["Rating"]}}]	22	1
227	2023-11-15 13:26:42.60873+00	2	Review object (2)	2	[{"changed": {"fields": ["Rating"]}}]	22	1
228	2023-11-15 13:26:49.245706+00	1	Review object (1)	2	[{"changed": {"fields": ["Rating"]}}]	22	1
229	2023-11-15 15:25:45.621197+00	10	rl4573509	2	[{"changed": {"fields": ["Staff status"]}}]	20	1
230	2023-11-15 15:59:57.229568+00	38	rrarar@gmail.com	3		11	1
231	2023-11-15 15:59:57.236441+00	37	asdas@gmail.com	3		11	1
232	2023-11-15 15:59:57.238249+00	36	bashidjsa@gmail.com	3		11	1
233	2023-11-15 15:59:57.239836+00	35	sss@gmail.com	3		11	1
234	2023-11-15 15:59:57.241501+00	34	saybu@gmail.com	3		11	1
235	2023-11-15 15:59:57.243358+00	33	saybu@gmail.com	3		11	1
236	2023-11-15 15:59:57.245164+00	32	saybu@gmail.com	3		11	1
237	2023-11-15 15:59:57.247132+00	31	saybu@gmail.com	3		11	1
238	2023-11-15 15:59:57.249002+00	30	saybu@gmail.com	3		11	1
239	2023-11-15 15:59:57.250699+00	29	saybu@gmail.com	3		11	1
240	2023-11-15 15:59:57.252482+00	28	saybu@gmail.com	3		11	1
241	2023-11-15 15:59:57.254003+00	27	saybu@gmail.com	3		11	1
242	2023-11-15 15:59:57.255618+00	26	saybu@gmail.com	3		11	1
243	2023-11-15 15:59:57.257252+00	25	saybu@gmail.com	3		11	1
244	2023-11-15 15:59:57.258981+00	24	saybu@gmail.com	3		11	1
245	2023-11-15 15:59:57.260697+00	23	saybu@gmail.com	3		11	1
246	2023-11-15 15:59:57.262411+00	22	saybu@gmail.com	3		11	1
247	2023-11-15 15:59:57.264844+00	21	saybu@gmail.com	3		11	1
248	2023-11-15 15:59:57.26677+00	20	saybu@gmail.com	3		11	1
249	2023-11-15 15:59:57.268581+00	19	saybu@gmail.com	3		11	1
250	2023-11-15 15:59:57.270302+00	18	saybu@gmail.com	3		11	1
251	2023-11-15 15:59:57.271981+00	17	saybu@gmail.com	3		11	1
252	2023-11-15 15:59:57.273538+00	16	saybu@gmail.com	3		11	1
253	2023-11-15 15:59:57.275114+00	15	sergen4_yalcin@gmail.com	3		11	1
254	2023-11-15 15:59:57.276821+00	14	sergen3_yalcin@gmail.com	3		11	1
255	2023-11-15 15:59:57.278555+00	13	sergen2_yalcin@gmail.com	3		11	1
256	2023-11-15 15:59:57.280395+00	12	sergen_yalcin@gmail.com	3		11	1
257	2023-11-15 15:59:57.282269+00	11	ruste2mzade.tunay.2000@gmail.com	3		11	1
258	2023-11-15 15:59:57.284099+00	10	rustemzade.tunay.2000@gmail.com	3		11	1
259	2023-11-15 15:59:57.286068+00	9	rustemzade.tunay.2000@gmail.com	3		11	1
260	2023-11-15 15:59:57.288086+00	8	rustemzade.tunay.2000@gmail.com	3		11	1
261	2023-11-15 15:59:57.290109+00	7	rustemzade.tunay.2000@gmail.com	3		11	1
262	2023-11-15 15:59:57.291949+00	6	rustemzade.tunay.2000@gmail.com	3		11	1
263	2023-11-15 15:59:57.293711+00	5	rustemzade.tunay.2000@gmail.com	3		11	1
264	2023-11-15 15:59:57.295302+00	4	rustemzade.tunay.2000@gmail.com	3		11	1
265	2023-11-15 15:59:57.297118+00	3	rustemzade.tunay.2000@gmail.com	3		11	1
266	2023-11-15 15:59:57.299175+00	1	rustemzade.tunay.2000@gmail.com	3		11	1
267	2023-11-15 16:00:06.48855+00	39	aaaaaaa@gmail.com	3		11	1
268	2023-11-15 19:17:03.544096+00	1	Cart object (1)	1	[{"added": {}}]	23	1
269	2023-11-15 19:22:25.201081+00	1	tunay---Women's Over-Oversized Crewneck Sweatshirt Blue---2	1	[{"added": {}}]	28	1
270	2023-11-15 19:22:28.87199+00	1	tunay---Women's Over-Oversized Crewneck Sweatshirt Blue---2	2	[]	28	1
271	2023-11-15 19:45:10.515132+00	2	tunay---Nike Air Force 1 Wild Red---3	1	[{"added": {}}]	28	1
272	2023-11-15 19:53:52.956363+00	11	Nike Air Force 1 Wild Red	2	[{"changed": {"fields": ["Is main image"]}}]	15	1
273	2023-11-15 19:55:48.701949+00	1	tunay---Women's Over-Oversized Crewneck Sweatshirt Blue---2	3		28	1
274	2023-11-15 23:21:06.267497+00	2	Men's Cable Knit Turtleneck Sweater Green	2	[{"changed": {"fields": ["Is main image"]}}]	15	1
275	2023-11-15 23:21:44.382445+00	1	Men's Cable Knit Turtleneck Sweater Black	2	[{"changed": {"fields": ["Is main image"]}}]	15	1
276	2023-11-16 09:34:16.583082+00	9	tunay---Men's Cable Knit Turtleneck Sweater Black---5	3		28	1
277	2023-11-16 09:34:16.589251+00	8	tunay---Men's Cable Knit Turtleneck Sweater Black---2	3		28	1
279	2023-11-16 09:34:16.594072+00	6	tunay---Men's Cable Knit Turtleneck Sweater Black---1	3		28	1
280	2023-11-16 09:34:16.596182+00	5	tunay---Men's Cable Knit Turtleneck Sweater Black---1	3		28	1
281	2023-11-16 09:34:16.598344+00	4	tunay---Men's Cable Knit Turtleneck Sweater Black---1	3		28	1
282	2023-11-16 09:34:16.600642+00	3	tunay---Men's Cable Knit Turtleneck Sweater Green---5	3		28	1
283	2023-11-16 09:34:16.602478+00	2	tunay---Nike Air Force 1 Wild Red---3	3		28	1
284	2023-11-16 09:35:30.493422+00	1	Men's Cable Knit Turtleneck Sweater Black	2	[{"changed": {"fields": ["Is main image"]}}]	15	1
285	2023-11-16 09:36:02.484561+00	2	Men's Cable Knit Turtleneck Sweater Green	2	[{"changed": {"fields": ["Is main image"]}}]	15	1
286	2023-11-16 09:36:30.078675+00	3	Men's Cable Knit Turtleneck Sweater White	2	[{"changed": {"fields": ["Is main image"]}}]	15	1
287	2023-11-16 09:37:15.728726+00	5	Women's Over-Oversized Crewneck Sweatshirt Blue	2	[{"changed": {"fields": ["Is main image"]}}]	15	1
288	2023-11-16 09:37:46.94348+00	7	Women's Over-Oversized Crewneck Sweatshirt Red	2	[{"changed": {"fields": ["Is main image"]}}]	15	1
289	2023-11-16 09:38:37.377746+00	9	Women's Fleece Track Top Black	2	[{"changed": {"fields": ["Is main image"]}}]	15	1
290	2023-11-16 09:39:10.206127+00	10	Nike Air Force 1 Wild Green	2	[{"changed": {"fields": ["Is main image"]}}]	15	1
291	2023-11-16 09:40:34.952115+00	11	Nike Air Force 1 Wild Red	2	[{"changed": {"fields": ["Is main image"]}}]	15	1
292	2023-11-16 09:41:08.615257+00	12	Nike Air Force 1 Wild White	2	[{"changed": {"fields": ["Is main image"]}}]	15	1
293	2023-11-16 09:41:34.945124+00	16	Pull & Bear Oversize T-Shirt Green	2	[{"changed": {"fields": ["Is main image"]}}]	15	1
294	2023-11-16 09:58:09.783365+00	15	tunay---Women's Over-Oversized Crewneck Sweatshirt Red---1	3		28	1
295	2023-11-16 09:58:09.789454+00	14	tunay---Men's Cable Knit Turtleneck Sweater Black---1	3		28	1
296	2023-11-16 09:58:09.791442+00	13	tunay---Men's Cable Knit Turtleneck Sweater Black---1	3		28	1
297	2023-11-16 09:58:09.793166+00	12	tunay---Men's Cable Knit Turtleneck Sweater Black---1	3		28	1
298	2023-11-16 09:58:09.795127+00	11	tunay---Men's Cable Knit Turtleneck Sweater Black---1	3		28	1
299	2023-11-16 09:58:09.797363+00	10	tunay---Men's Cable Knit Turtleneck Sweater Black---1	3		28	1
300	2023-11-16 09:58:19.243229+00	16	tunay---Nike Air Force 1 Wild Green---3	1	[{"added": {}}]	28	1
301	2023-11-16 10:18:14.698323+00	17	rl4573509---Nike Air Force 1 Wild Green---2	1	[{"added": {}}]	28	1
302	2023-11-16 21:39:53.564725+00	22	Cart object (22)	3		28	1
303	2023-11-16 21:39:53.572942+00	21	Cart object (21)	3		28	1
304	2023-11-16 21:39:53.575358+00	20	Cart object (20)	3		28	1
305	2023-11-16 21:39:53.577476+00	19	Cart object (19)	3		28	1
306	2023-11-16 21:39:53.579683+00	18	Cart object (18)	3		28	1
307	2023-11-16 21:39:53.582209+00	17	Cart object (17)	3		28	1
308	2023-11-16 21:39:53.584667+00	16	Cart object (16)	3		28	1
309	2023-11-16 21:40:14.336631+00	10	KIDS Adidas  Sweatshirt Wheat---4178877---Tunay Rustamzade	3		27	1
310	2023-11-16 21:40:14.342489+00	9	KIDS Adidas  Sweatshirt Aqua---27949968---Tunay Rustamzade	3		27	1
311	2023-11-16 21:40:14.344712+00	8	Pull & Bear Oversize T-Shirt Green---68486972---Tunay Rustamzade	3		27	1
312	2023-11-16 21:40:14.347004+00	7	Women's Over-Oversized Crewneck Sweatshirt Red---1035222---Tunay Rustamzade	3		27	1
313	2023-11-16 21:40:14.349026+00	6	Women's Over-Oversized Crewneck Sweatshirt Red---59658634---Tunay Rustamzade	3		27	1
314	2023-11-16 21:40:14.350838+00	5	Men's Cable Knit Turtleneck Sweater Green---76162451---Tunay Rustamzade	3		27	1
315	2023-11-16 21:40:14.352504+00	4	Men's Cable Knit Turtleneck Sweater Green---76494696---Tunay Rustamzade	3		27	1
316	2023-11-16 21:40:14.354046+00	3	Men's Cable Knit Turtleneck Sweater Green---37387630---Tunay Rustamzade	3		27	1
317	2023-11-16 21:40:14.355607+00	2	Men's Cable Knit Turtleneck Sweater Green---89405485---Tunay Rustamzade	3		27	1
318	2023-11-16 21:40:14.357168+00	1	Men's Cable Knit Turtleneck Sweater Green---67157394---Tunay Rustamzade	3		27	1
319	2023-11-16 21:47:23.202033+00	23	Cart object (23)	1	[{"added": {}}]	28	1
320	2023-11-16 21:47:39.592777+00	2	Cart object (23)---Nike Air Force 1 Wild Green---2	1	[{"added": {}}]	40	1
321	2023-11-16 21:49:15.096662+00	3	Cart object (23)---Men's Cable Knit Turtleneck Sweater White---3	1	[{"added": {}}]	40	1
322	2023-11-17 10:48:24.383991+00	5	tunay---Men's Cable Knit Turtleneck Sweater Black---5	3		40	1
323	2023-11-17 10:54:53.480406+00	6	tunay---Men's Cable Knit Turtleneck Sweater Black---5	3		40	1
324	2023-11-17 10:54:53.487989+00	3	tunay---Men's Cable Knit Turtleneck Sweater White---3	3		40	1
325	2023-11-17 10:54:53.492035+00	2	tunay---Nike Air Force 1 Wild Green---2	3		40	1
326	2023-11-17 12:02:19.886347+00	10	tunay---Men's Cable Knit Turtleneck Sweater Black---5	3		40	1
327	2023-11-17 12:02:19.893558+00	9	tunay---Men's Cable Knit Turtleneck Sweater Black---5	3		40	1
328	2023-11-17 12:02:19.897616+00	8	tunay---Men's Cable Knit Turtleneck Sweater Black---5	3		40	1
329	2023-11-17 12:07:50.56378+00	15	tunay---Men's Cable Knit Turtleneck Sweater Black---5	3		40	1
330	2023-11-17 12:07:50.570246+00	14	tunay---Men's Cable Knit Turtleneck Sweater Black---5	3		40	1
331	2023-11-17 12:07:50.57225+00	13	tunay---Men's Cable Knit Turtleneck Sweater Black---5	3		40	1
332	2023-11-17 12:07:50.574004+00	12	tunay---Men's Cable Knit Turtleneck Sweater Black---5	3		40	1
333	2023-11-17 12:07:50.57651+00	11	tunay---Men's Cable Knit Turtleneck Sweater Black---5	3		40	1
334	2023-11-17 12:07:50.58093+00	7	tunay---Men's Cable Knit Turtleneck Sweater Black---1	3		40	1
335	2023-11-17 12:07:55.761605+00	16	tunay---Men's Cable Knit Turtleneck Sweater Black---5	3		40	1
336	2023-11-17 14:28:40.479836+00	18	tunay---Men's Cable Knit Turtleneck Sweater Black---5	3		40	1
337	2023-11-17 14:58:42.369515+00	26	tunay---Men's Cable Knit Turtleneck Sweater Black---5	3		40	1
338	2023-11-17 14:58:42.376301+00	25	tunay---Men's Cable Knit Turtleneck Sweater Black---9	3		40	1
339	2023-11-17 14:58:42.380867+00	24	tunay---Men's Cable Knit Turtleneck Sweater Black---1	3		40	1
340	2023-11-17 14:58:42.385875+00	23	tunay---Men's Cable Knit Turtleneck Sweater Black---1	3		40	1
341	2023-11-17 14:58:42.390368+00	22	tunay---Men's Cable Knit Turtleneck Sweater Black---1	3		40	1
342	2023-11-17 14:58:42.394365+00	21	tunay---Men's Cable Knit Turtleneck Sweater Black---5	3		40	1
343	2023-11-17 14:58:42.39881+00	20	tunay---Men's Cable Knit Turtleneck Sweater Black---5	3		40	1
344	2023-11-17 14:58:42.40307+00	19	tunay---Men's Cable Knit Turtleneck Sweater Black---5	3		40	1
345	2023-11-17 14:58:42.406573+00	17	tunay---Men's Cable Knit Turtleneck Sweater Black---5	3		40	1
346	2023-11-17 15:07:03.114936+00	30	tunay---Men's Cable Knit Turtleneck Sweater Black---5	3		40	1
347	2023-11-17 15:07:03.120813+00	29	tunay---Men's Cable Knit Turtleneck Sweater Black---5	3		40	1
348	2023-11-17 15:07:03.122714+00	28	tunay---Men's Cable Knit Turtleneck Sweater Black---5	3		40	1
349	2023-11-17 15:07:03.124695+00	27	tunay---Men's Cable Knit Turtleneck Sweater Black---8	3		40	1
350	2023-11-17 15:07:49.033868+00	32	tunay---Men's Cable Knit Turtleneck Sweater Black---5	3		40	1
351	2023-11-17 15:07:49.039546+00	31	tunay---Men's Cable Knit Turtleneck Sweater Black---8	3		40	1
352	2023-11-17 17:38:11.33049+00	115	tunay---Nike Air Force 1 Wild Red---3	1	[{"added": {}}]	40	1
353	2023-11-17 17:53:55.6906+00	5	Review object (5)	1	[{"added": {}}]	22	1
354	2023-11-17 17:59:35.207434+00	4	Review object (4)	3		22	1
355	2023-11-17 20:45:41.421849+00	23	tunay	2	[]	28	1
356	2023-11-18 13:47:01.207064+00	134	tunay---Men's Cable Knit Turtleneck Sweater Green---1	2	[{"changed": {"fields": ["Done"]}}]	40	1
357	2023-11-18 13:47:50.631932+00	134	tunay---Men's Cable Knit Turtleneck Sweater Green---1	2	[{"changed": {"fields": ["Done"]}}]	40	1
358	2023-11-18 13:48:52.757266+00	134	tunay---Men's Cable Knit Turtleneck Sweater Green---1	2	[{"changed": {"fields": ["Done"]}}]	40	1
359	2023-11-18 13:52:33.863456+00	135	tunay---Men's Cable Knit Turtleneck Sweater Black---1	2	[{"changed": {"fields": ["Done"]}}]	40	1
360	2023-11-18 13:52:53.181536+00	136	tunay---Pull & Bear Oversize T-Shirt Green---1	2	[{"changed": {"fields": ["Done"]}}]	40	1
361	2023-11-18 14:26:09.734014+00	137	tunay---Men's Cable Knit Turtleneck Sweater Black---4	2	[{"changed": {"fields": ["Done"]}}]	40	1
362	2023-11-18 14:26:12.289142+00	136	tunay---Pull & Bear Oversize T-Shirt Green---1	2	[]	40	1
363	2023-11-18 14:26:19.667362+00	135	tunay---Men's Cable Knit Turtleneck Sweater Black---1	2	[{"changed": {"fields": ["Done"]}}]	40	1
364	2023-11-18 14:26:23.773878+00	134	tunay---Men's Cable Knit Turtleneck Sweater Green---1	2	[{"changed": {"fields": ["Done"]}}]	40	1
365	2023-11-18 14:29:50.089736+00	137	tunay---Men's Cable Knit Turtleneck Sweater Black---4	2	[{"changed": {"fields": ["Done"]}}]	40	1
366	2023-11-18 14:29:53.787368+00	136	tunay---Pull & Bear Oversize T-Shirt Green---1	2	[{"changed": {"fields": ["Done"]}}]	40	1
367	2023-11-18 14:32:47.000891+00	137	tunay---Men's Cable Knit Turtleneck Sweater Black---4	2	[{"changed": {"fields": ["Done"]}}]	40	1
368	2023-11-18 14:32:51.220293+00	136	tunay---Pull & Bear Oversize T-Shirt Green---1	2	[{"changed": {"fields": ["Done"]}}]	40	1
369	2023-11-18 14:54:57.348192+00	17	Pull & Bear Oversize T-Shirt Aqua	2	[{"changed": {"fields": ["Is main image"]}}]	15	1
370	2023-11-18 14:55:21.031043+00	18	Pull & Bear Oversize T-Shirt Red	2	[{"changed": {"fields": ["Is main image"]}}]	15	1
371	2023-11-18 14:55:50.586997+00	19	Zara Wedding Dress Black	2	[{"changed": {"fields": ["Is main image"]}}]	15	1
372	2023-11-18 14:56:04.42727+00	20	Zara Wedding Dress Blue	2	[{"changed": {"fields": ["Is main image"]}}]	15	1
373	2023-11-18 14:56:17.767614+00	21	Zara Wedding Dress Red	2	[{"changed": {"fields": ["Is main image"]}}]	15	1
374	2023-11-18 14:56:34.931218+00	22	KIDS Adidas  Sweatshirt Wheat	2	[{"changed": {"fields": ["Is main image"]}}]	15	1
375	2023-11-18 14:56:54.08239+00	23	KIDS Adidas  Sweatshirt Aqua	2	[{"changed": {"fields": ["Is main image"]}}]	15	1
376	2023-11-18 14:57:10.209619+00	24	KIDS Nike Sweatshirt Wheat	2	[{"changed": {"fields": ["Is main image"]}}]	15	1
377	2023-11-18 14:57:32.271724+00	25	Zara Kids Shoes Pink	2	[{"changed": {"fields": ["Is main image"]}}]	15	1
378	2023-11-18 14:57:51.090892+00	26	Zara Kids Shoes Purple	2	[{"changed": {"fields": ["Is main image"]}}]	15	1
379	2023-11-18 14:58:12.950157+00	27	Pull & Bear Kids Shoes Blue	2	[{"changed": {"fields": ["Is main image"]}}]	15	1
380	2023-11-18 14:58:39.309622+00	28	Kids Adidas Sweatshirt Women Blue	2	[{"changed": {"fields": ["Is main image"]}}]	15	1
381	2023-11-18 14:58:50.787119+00	29	Pull & Bear Women Glasses White	2	[{"changed": {"fields": ["Is main image"]}}]	15	1
382	2023-11-18 14:59:02.119431+00	30	Pull & Bear Women Glasses Black	2	[{"changed": {"fields": ["Is main image"]}}]	15	1
383	2023-11-18 14:59:19.376361+00	31	Zara Men Wallet Black	2	[{"changed": {"fields": ["Is main image"]}}]	15	1
384	2023-11-18 14:59:32.686078+00	32	Zara Men Belt Black	2	[{"changed": {"fields": ["Is main image"]}}]	15	1
385	2023-11-18 14:59:43.334199+00	33	Pull & Bear Women Bag Black	2	[{"changed": {"fields": ["Is main image"]}}]	15	1
386	2023-11-18 15:00:29.784386+00	33	Pull & Bear Women Bag Black	2	[{"changed": {"fields": ["Is main image"]}}]	15	1
387	2023-11-18 15:07:23.39492+00	3	PullBear	2	[{"changed": {"fields": ["Name"]}}]	14	1
388	2023-11-18 15:25:54.623338+00	45	rustemzade.tunay.2000@gmail.com	3		11	1
389	2023-11-18 15:25:54.634607+00	44	rustemzade.tunay.2000@gmail.com	3		11	1
390	2023-11-18 15:25:54.639075+00	43	rl4573509@gmail.com	3		11	1
391	2023-11-18 15:25:54.64325+00	42	rustemzade.tunay.2000@gmail.com	3		11	1
392	2023-11-18 15:25:54.647882+00	41	rl4573509@gmail.com	3		11	1
393	2023-11-18 15:25:54.653082+00	40	rl4573509@gmail.com	3		11	1
394	2023-11-18 15:46:28.32453+00	51	rustemzade.tunay.2000@gmail.com	3		11	1
395	2023-11-18 15:46:28.331251+00	50	rustemzade.tunay.2000@gmail.com	3		11	1
396	2023-11-18 15:46:28.333887+00	49	rustemzade.tunay.2000@gmail.com	3		11	1
397	2023-11-18 15:46:28.336331+00	48	rustemzade.tunay.2000@gmail.com	3		11	1
398	2023-11-18 15:46:28.338471+00	47	rustemzade.tunay.2000@gmail.com	3		11	1
399	2023-11-18 15:46:28.34047+00	46	rustemzade.tunay.2000@gmail.com	3		11	1
400	2023-11-19 09:28:25.868759+00	10	rl4573509	3		20	1
401	2023-11-19 15:33:11.955393+00	4	tunay	3		32	1
402	2023-11-19 16:28:55.829193+00	6	tunay	3		32	1
403	2023-11-19 20:03:44.684956+00	8	WishList object (8)	2	[]	21	1
404	2023-11-19 20:03:52.592288+00	8	WishList object (8)	3		21	1
405	2023-11-19 20:46:50.035288+00	1	every 2 minutes	2	[{"changed": {"fields": ["Interval Period"]}}]	35	1
406	2023-11-19 20:47:08.748071+00	1	every 10 seconds	2	[{"changed": {"fields": ["Number of Periods", "Interval Period"]}}]	35	1
407	2023-11-19 20:47:11.293786+00	2	Subscribe: every 10 seconds	2	[]	36	1
408	2023-11-19 20:47:52.629067+00	52	rustemzade.tunay.2000@gmail.com	3		11	1
409	2023-11-20 10:43:44.93073+00	11	Review object (11)	1	[{"added": {}}]	22	1
410	2023-11-20 12:25:49.49231+00	12	Review object (12)	1	[{"added": {}}]	22	1
411	2023-11-20 12:32:15.781988+00	12	Review object (12)	3		22	1
412	2023-11-20 12:36:46.876252+00	14	Review object (14)	1	[{"added": {}}]	22	1
413	2023-11-20 12:37:11.009793+00	14	Review object (14)	2	[{"changed": {"fields": ["Variant"]}}]	22	1
414	2023-11-20 12:44:59.901605+00	11	Nike Air Force 1 Wild Red	2	[{"changed": {"fields": ["New status"]}}]	15	1
415	2023-11-20 12:46:07.815253+00	10	Nike Air Force 1 Wild Green	2	[{"changed": {"fields": ["Is main variant"]}}]	15	1
416	2023-11-20 12:46:16.387539+00	11	Nike Air Force 1 Wild Red	2	[{"changed": {"fields": ["Is main variant"]}}]	15	1
417	2023-11-20 13:11:23.843183+00	141	tunay---Pull & Bear Women Bag Black---3	3		40	1
418	2023-11-20 13:11:23.846301+00	140	tunay---Pull & Bear Oversize T-Shirt Green---3	3		40	1
419	2023-11-20 13:11:23.84817+00	139	tunay---Women's Over-Oversized Crewneck Sweatshirt Red---3	3		40	1
420	2023-11-20 13:11:23.850254+00	137	tunay---Men's Cable Knit Turtleneck Sweater Black---9	3		40	1
421	2023-11-20 13:11:23.852145+00	136	tunay---Pull & Bear Oversize T-Shirt Green---1	3		40	1
422	2023-11-20 13:11:23.853927+00	135	tunay---Men's Cable Knit Turtleneck Sweater Black---6	3		40	1
423	2023-11-20 13:11:23.855796+00	134	tunay---Men's Cable Knit Turtleneck Sweater Green---1	3		40	1
424	2023-11-20 13:13:07.396556+00	18	Review object (18)	3		22	1
425	2023-11-20 13:14:39.743395+00	20	Review object (20)	3		22	1
426	2023-11-20 13:51:21.714566+00	13	RagnarLothbrok	3		20	1
427	2023-11-20 13:51:21.724806+00	12	rl4573509	3		20	1
428	2023-11-20 14:15:51.735229+00	142	tunay---Men's Cable Knit Turtleneck Sweater Black---4	3		40	1
429	2023-11-20 14:33:37.984229+00	14	tunay45	3		20	1
430	2023-11-20 15:21:12.678927+00	23	tunay	3		26	1
431	2023-11-20 15:24:21.909683+00	28	tunay	3		26	1
432	2023-11-20 15:24:51.906235+00	29	tunay	3		26	1
433	2023-11-20 15:50:37.887841+00	19	emil	3		20	1
\.


--
-- Data for Name: django_celery_beat_clockedschedule; Type: TABLE DATA; Schema: public; Owner: root
--

COPY public.django_celery_beat_clockedschedule (id, clocked_time) FROM stdin;
\.


--
-- Data for Name: django_celery_beat_crontabschedule; Type: TABLE DATA; Schema: public; Owner: root
--

COPY public.django_celery_beat_crontabschedule (id, minute, hour, day_of_week, day_of_month, month_of_year, timezone) FROM stdin;
1	0	4	*	*	*	Asia/Baku
\.


--
-- Data for Name: django_celery_beat_intervalschedule; Type: TABLE DATA; Schema: public; Owner: root
--

COPY public.django_celery_beat_intervalschedule (id, every, period) FROM stdin;
1	10	seconds
\.


--
-- Data for Name: django_celery_beat_periodictask; Type: TABLE DATA; Schema: public; Owner: root
--

COPY public.django_celery_beat_periodictask (id, name, task, args, kwargs, queue, exchange, routing_key, expires, enabled, last_run_at, total_run_count, date_changed, description, crontab_id, interval_id, solar_id, one_off, start_time, priority, headers, clocked_id, expire_seconds) FROM stdin;
1	celery.backend_cleanup	celery.backend_cleanup	[]	{}	\N	\N	\N	\N	t	\N	0	2024-03-09 11:07:18.282759+00		1	\N	\N	f	\N	\N	{}	\N	43200
2	Subscribe	account.tasks.send_subscirbers_mail	[]	{}	\N	\N	\N	\N	t	2024-03-09 11:10:08.575952+00	156	2024-03-09 11:10:18.606889+00		\N	1	\N	f	\N	\N	{}	\N	\N
\.


--
-- Data for Name: django_celery_beat_periodictasks; Type: TABLE DATA; Schema: public; Owner: root
--

COPY public.django_celery_beat_periodictasks (ident, last_update) FROM stdin;
1	2024-03-09 11:07:18.283872+00
\.


--
-- Data for Name: django_celery_beat_solarschedule; Type: TABLE DATA; Schema: public; Owner: root
--

COPY public.django_celery_beat_solarschedule (id, event, latitude, longitude) FROM stdin;
\.


--
-- Data for Name: django_content_type; Type: TABLE DATA; Schema: public; Owner: root
--

COPY public.django_content_type (id, app_label, model) FROM stdin;
1	admin	logentry
2	auth	permission
3	auth	group
4	contenttypes	contenttype
5	sessions	session
6	core	about
7	core	contact
8	core	creator
9	core	faq
10	core	mainphotos
11	core	subscriber
12	product	category
13	product	product
14	product	vendor
15	product	variant
16	product	option
17	product	image
18	product	color
19	product	size
20	account	user
21	account	wishlist
22	account	review
23	account	cart
24	payment	billing
25	account	subscriber
26	account	profile
27	payment	orders
28	payment	cart
29	social_django	association
30	social_django	code
31	social_django	nonce
32	social_django	usersocialauth
33	social_django	partial
34	django_celery_beat	crontabschedule
35	django_celery_beat	intervalschedule
36	django_celery_beat	periodictask
37	django_celery_beat	periodictasks
38	django_celery_beat	solarschedule
39	django_celery_beat	clockedschedule
40	payment	cartitem
\.


--
-- Data for Name: django_migrations; Type: TABLE DATA; Schema: public; Owner: root
--

COPY public.django_migrations (id, app, name, applied) FROM stdin;
1	product	0001_initial	2023-10-27 21:59:43.095719+00
2	contenttypes	0001_initial	2023-10-27 21:59:43.125452+00
3	contenttypes	0002_remove_content_type_name	2023-10-27 21:59:43.153656+00
4	auth	0001_initial	2023-10-27 21:59:43.210345+00
5	auth	0002_alter_permission_name_max_length	2023-10-27 21:59:43.21716+00
6	auth	0003_alter_user_email_max_length	2023-10-27 21:59:43.225657+00
7	auth	0004_alter_user_username_opts	2023-10-27 21:59:43.234694+00
8	auth	0005_alter_user_last_login_null	2023-10-27 21:59:43.243261+00
9	auth	0006_require_contenttypes_0002	2023-10-27 21:59:43.246592+00
10	auth	0007_alter_validators_add_error_messages	2023-10-27 21:59:43.254804+00
11	auth	0008_alter_user_username_max_length	2023-10-27 21:59:43.262707+00
12	auth	0009_alter_user_last_name_max_length	2023-10-27 21:59:43.272769+00
13	auth	0010_alter_group_name_max_length	2023-10-27 21:59:43.279459+00
14	auth	0011_update_proxy_permissions	2023-10-27 21:59:43.294216+00
15	auth	0012_alter_user_first_name_max_length	2023-10-27 21:59:43.303015+00
16	account	0001_initial	2023-10-27 21:59:43.456816+00
17	admin	0001_initial	2023-10-27 21:59:43.516947+00
18	admin	0002_logentry_remove_auto_add	2023-10-27 21:59:43.550426+00
19	admin	0003_logentry_add_action_flag_choices	2023-10-27 21:59:43.564373+00
20	core	0001_initial	2023-10-27 21:59:43.607965+00
21	payment	0001_initial	2023-10-27 21:59:43.619986+00
22	payment	0002_alter_billing_created_at_alter_billing_updated_at	2023-10-27 21:59:43.626881+00
23	payment	0003_alter_billing_created_at_alter_billing_updated_at	2023-10-27 21:59:43.633033+00
24	product	0002_remove_product_slug_az_remove_product_slug_en_and_more	2023-10-27 21:59:43.733292+00
25	product	0003_color_size_remove_propertyvalue_property_and_more	2023-10-27 21:59:43.918374+00
26	sessions	0001_initial	2023-10-27 21:59:43.935792+00
27	product	0004_remove_variant_general_stock_and_more	2023-10-28 09:06:50.246548+00
28	product	0005_product_image	2023-10-28 09:27:40.407443+00
29	product	0006_remove_product_image_image_product	2023-10-28 09:30:11.085223+00
30	product	0007_remove_image_product	2023-10-28 09:37:20.954373+00
31	product	0008_remove_image_variant_variant_image	2023-10-28 14:22:22.073941+00
32	product	0009_remove_variant_image_image_variant	2023-10-28 17:12:41.537841+00
33	product	0010_remove_product_new_status_variant_new_status_and_more	2023-10-28 19:22:52.50149+00
34	product	0011_alter_product_category	2023-11-04 08:17:30.174297+00
35	product	0012_alter_product_category	2023-11-04 08:18:25.238591+00
36	product	0013_alter_category_parent	2023-11-06 20:14:48.047015+00
37	account	0002_subscriber	2023-11-08 10:45:19.799515+00
38	core	0002_delete_subscriber	2023-11-08 10:45:19.809901+00
39	account	0003_delete_subscriber	2023-11-08 11:11:20.346012+00
40	core	0003_subscriber	2023-11-08 11:11:20.360938+00
41	account	0004_profile	2023-11-11 19:15:20.848564+00
42	payment	0004_orders_delete_billing	2023-11-11 19:15:20.909166+00
43	account	0005_profile_email_confirmed_profile_forget_pwd_token	2023-11-12 10:02:56.749847+00
44	account	0006_profile_first_name_profile_last_name	2023-11-12 10:39:51.095494+00
45	account	0007_profile_email_profile_message	2023-11-12 10:45:37.347995+00
46	payment	0005_alter_orders_product	2023-11-12 16:59:37.557475+00
47	payment	0006_alter_orders_product_cart	2023-11-12 17:07:46.532363+00
48	product	0014_alter_product_desc_alter_product_desc_az_and_more	2023-11-13 09:20:27.206231+00
49	default	0001_initial	2023-11-13 20:36:38.883181+00
50	social_auth	0001_initial	2023-11-13 20:36:38.890664+00
51	default	0002_add_related_name	2023-11-13 20:36:38.958309+00
52	social_auth	0002_add_related_name	2023-11-13 20:36:38.961382+00
53	default	0003_alter_email_max_length	2023-11-13 20:36:38.975901+00
54	social_auth	0003_alter_email_max_length	2023-11-13 20:36:38.978666+00
55	default	0004_auto_20160423_0400	2023-11-13 20:36:38.997392+00
56	social_auth	0004_auto_20160423_0400	2023-11-13 20:36:39.000331+00
57	social_auth	0005_auto_20160727_2333	2023-11-13 20:36:39.012173+00
58	social_django	0006_partial	2023-11-13 20:36:39.032726+00
59	social_django	0007_code_timestamp	2023-11-13 20:36:39.044346+00
60	social_django	0008_partial_timestamp	2023-11-13 20:36:39.05882+00
61	social_django	0009_auto_20191118_0520	2023-11-13 20:36:39.113735+00
62	social_django	0010_uid_db_index	2023-11-13 20:36:39.160794+00
63	social_django	0011_alter_id_fields	2023-11-13 20:36:39.255436+00
64	social_django	0012_usersocialauth_extra_data_new	2023-11-13 20:36:39.277051+00
65	social_django	0013_migrate_extra_data	2023-11-13 20:36:39.315668+00
66	social_django	0014_remove_usersocialauth_extra_data	2023-11-13 20:36:39.334132+00
67	social_django	0015_rename_extra_data_new_usersocialauth_extra_data	2023-11-13 20:36:39.352834+00
68	social_django	0005_auto_20160727_2333	2023-11-13 20:36:39.361059+00
69	social_django	0004_auto_20160423_0400	2023-11-13 20:36:39.363913+00
70	social_django	0001_initial	2023-11-13 20:36:39.366996+00
71	social_django	0003_alter_email_max_length	2023-11-13 20:36:39.370598+00
72	social_django	0002_add_related_name	2023-11-13 20:36:39.373399+00
73	account	0008_alter_user_email	2023-11-14 12:25:53.873713+00
74	account	0009_alter_review_rating	2023-11-14 15:00:33.823875+00
75	django_celery_beat	0001_initial	2023-11-14 16:05:45.932939+00
76	django_celery_beat	0002_auto_20161118_0346	2023-11-14 16:05:45.978096+00
77	django_celery_beat	0003_auto_20161209_0049	2023-11-14 16:05:45.996717+00
78	django_celery_beat	0004_auto_20170221_0000	2023-11-14 16:05:46.003481+00
79	django_celery_beat	0005_add_solarschedule_events_choices	2023-11-14 16:05:46.011509+00
80	django_celery_beat	0006_auto_20180322_0932	2023-11-14 16:05:46.046131+00
81	django_celery_beat	0007_auto_20180521_0826	2023-11-14 16:05:46.059288+00
82	django_celery_beat	0008_auto_20180914_1922	2023-11-14 16:05:46.085848+00
83	django_celery_beat	0006_auto_20180210_1226	2023-11-14 16:05:46.100712+00
84	django_celery_beat	0006_periodictask_priority	2023-11-14 16:05:46.109833+00
85	django_celery_beat	0009_periodictask_headers	2023-11-14 16:05:46.12092+00
86	django_celery_beat	0010_auto_20190429_0326	2023-11-14 16:05:46.269497+00
87	django_celery_beat	0011_auto_20190508_0153	2023-11-14 16:05:46.301096+00
88	django_celery_beat	0012_periodictask_expire_seconds	2023-11-14 16:05:46.310421+00
89	django_celery_beat	0013_auto_20200609_0727	2023-11-14 16:05:46.317797+00
90	django_celery_beat	0014_remove_clockedschedule_enabled	2023-11-14 16:05:46.324482+00
91	django_celery_beat	0015_edit_solarschedule_events_choices	2023-11-14 16:05:46.33191+00
92	django_celery_beat	0016_alter_crontabschedule_timezone	2023-11-14 16:05:46.341434+00
93	django_celery_beat	0017_alter_crontabschedule_month_of_year	2023-11-14 16:05:46.354097+00
94	django_celery_beat	0018_improve_crontab_helptext	2023-11-14 16:05:46.366472+00
95	account	0010_alter_review_rating	2023-11-14 16:11:30.461568+00
96	account	0011_user_bosh_alter_review_rating	2023-11-15 13:19:35.726095+00
97	account	0012_remove_user_bosh_alter_review_rating	2023-11-15 13:19:48.795456+00
98	account	0013_alter_review_rating	2023-11-15 19:19:06.200029+00
99	account	0014_alter_review_rating_delete_cart	2023-11-15 19:20:47.727778+00
100	account	0015_alter_review_rating	2023-11-15 19:49:49.062858+00
101	product	0015_variant_is_main_image	2023-11-15 19:49:49.083198+00
102	account	0016_alter_review_rating	2023-11-16 09:57:46.692571+00
103	payment	0007_alter_cart_total_price	2023-11-16 09:57:46.72071+00
104	account	0017_alter_review_rating	2023-11-16 21:37:47.81464+00
105	payment	0008_remove_cart_product_remove_cart_quantity_and_more	2023-11-16 21:40:38.72864+00
106	account	0018_alter_review_rating	2023-11-16 21:47:01.462344+00
107	payment	0009_alter_cartitem_cart	2023-11-16 21:47:01.500783+00
108	account	0019_alter_review_rating	2023-11-17 10:04:39.601901+00
109	payment	0010_cartitem_size	2023-11-17 10:04:39.658661+00
110	account	0020_alter_review_rating	2023-11-17 10:49:47.393492+00
111	payment	0011_alter_cartitem_size	2023-11-17 10:49:47.458556+00
112	account	0021_alter_review_rating	2023-11-17 11:12:08.863574+00
113	payment	0012_alter_cartitem_size	2023-11-17 11:12:08.892559+00
114	account	0022_alter_review_rating	2023-11-17 11:17:06.330797+00
115	payment	0013_alter_cartitem_variant	2023-11-17 11:17:06.375679+00
116	account	0023_alter_review_rating	2023-11-17 21:00:48.826506+00
117	payment	0014_cartitem_done	2023-11-17 21:00:48.854865+00
118	account	0024_alter_review_rating	2023-11-18 18:59:08.796762+00
119	account	0025_alter_review_rating	2023-11-19 12:58:58.110424+00
120	product	0016_variant_rating	2023-11-20 10:24:26.113689+00
121	account	0025_alter_review_rating_alter_review_variant	2023-11-20 10:24:26.184125+00
122	account	0026_alter_review_rating	2023-11-20 10:28:15.506834+00
123	account	0027_alter_profile_user_alter_review_rating	2023-11-20 15:22:35.625425+00
124	account	0028_alter_review_rating	2024-03-09 15:50:46.421025+00
\.


--
-- Data for Name: django_session; Type: TABLE DATA; Schema: public; Owner: root
--

COPY public.django_session (session_key, session_data, expire_date) FROM stdin;
t08430n92whrl9te3al2ds48ffq91ypu	.eJxVj01PwzAQRP-LzxDZWYc4HOFSikIPfIibtWuvSSjUSewUEOK_k0i99Doz70nzKwI6phj3NmXMLK6Faz83P-OjcrvX4_PLfEfHzcP9Ljy1tzj2ZrsVF8IOmNJXnLydOHG2Oe75sKD0PQxpvIQGAilDilWFGqS58o4DQ0PgWJZ-NeCcOzsnnmzvF1KdZ4RuMa6Ff8fDWyxcPOSpp2KdFKc2FW30_HFz2p4JOkzd-qWSgFpBXVVcau0aAAWqNoyyKakC8s6XOij0NTnJBLo2ptaSZSgNaRJ__7FUXr4:1r3Hv5:CjsYxbua9a17l10x8GXDx475zOA1WZt-suF5U6fKahw	2023-11-29 15:35:11.894285+00
d0umtiem63r1109baw1b8k0wg21wzp0n	.eJxVjEELgjAYhv_LziF-003XMQiCSIjq4Em-zc9ciTM38RD99wy6eH3e53nfbLa-7awPbMvYhjVoSDv3rHzAQAtLb344yqIcDq9rCCaHlOxUXmB_PnRFLOalqXAKbTV5GitbLwmsmUbzpP431A_s7y4yrg-j1dFPif6rj06upm73d1cHLfp2qTmoRihEyTNKGo5ccCNRIMZCSCVJxDrXlNeglCGQkhIgDSlIzY3OTMw-XzphTWA:1r563m:jD4rwCWPPSmw4V9QR5XlSCIKR0vcgg3NT4lsJJ14lQU	2023-12-04 15:19:38.448294+00
o1p2tf1nfnue28danmbni9hlio0vx3zp	.eJxVkEEPwUAQhf_LnmnaWlbdJEIcWhIiuGymM9tto7HYFUL8d1sc9DST9_K9N5kn08boWnUNXF0ZS-vAKTZi6fx8Pz0o22_Xy3U6XLndZKpxddvv9EarbMo6TDaEvFp1kRV5JI7aYg54UMfGsQYrqCWaiwp-qg2-vcHsMxbjpr3Nl2BLD3OhIhIR9kkUfUKOapBDyEXeC4GESMKCJ4nfCm8Qei_BkDinHsWQkyAf-uv_RNdgnayNro5_B7Z-wF5v9qZfBA:1r56Xp:-MgbQYvvhLjkFfxOfYxjRfUUajx0oev5vB1sbMcjD6Y	2023-12-04 15:50:41.951889+00
s5psdnh1sqiqzyzcba5g6vq9l0y2jzer	.eJxVjEEOgjAQRe_StWk6xQ7UpXvPQGbawVZJSSjEhfHuQsKG7Xvv_6_65JrGXBd1U-qielqX1K9V5j7HDcGZMYW3lF3EF5XnpMNUljmz3hN92KofU5TxfrSng0Q1bWsLfnCeCG0rzWDJOhuQHJFxDj2KM9yxdBG8DwKI0oAwXAHZBm6DUb8_8MQ8Kw:1r56ZT:-xm6P943I9cnbzsr-fH-Wn-HL1ELgC3csQQBNy09RxI	2023-12-04 15:52:23.819274+00
3jbqeb22a5g3oyoshfiioohpwuhuowah	.eJxVjMsOgyAUBf-FdUPMBQW67L7fQO4Di20DiejK9N-riYt2e2bmbCriuuS4tjTHSdRVAajL70jIr1QOIk8sj6q5lmWeSB-KPmnT9yrpfTvdv4OMLe81jRY7CUTJJRes50GCkaEnY5nBO0MBpeuhQxsAwsjgkD052AOylNTnCyOxOMw:1rjGIs:yXzBP8BRlwUB-SdYtDYq6ZM6V1dG7yRCIvlhJkT-i6k	2024-03-24 10:21:14.382509+00
jhuxsqfq7zscv1pa0rvc55osdsiv8tck	.eJxVjEEOwiAQRe_C2hBghkBduvcMZAamUjU0Ke3KeHdt0oVu_3vvv1Siba1p67Kkqaizsur0uzHlh7QdlDu126zz3NZlYr0r-qBdX-ciz8vh_h1U6vVbZ2-A0ELwXhxiHgAs2BCFzODYA5dcHI6WSuBshAFDjAGNmNFFRlbvD8BMN1o:1r4kh1:ZPatCdm3B4fO-6YM4aPCTiuQvHeQVjo3Co37WYNi5ZM	2023-12-03 16:30:43.465346+00
8s5rpu7q1lzjweorus0xwb5yog3ap3nr	eyJnb29nbGUtb2F1dGgyX3N0YXRlIjoianFwTG1IbGtiUk16Um52RzBFeGVsNGpHeFFTRlF4NVkifQ:1r54l7:5XlXp3IEBavwzHIOdkGHwtbn4TY6hNx9DTExVr0XsMA	2023-12-04 13:56:17.310106+00
0k7ul1u3buciuu9wxbcxk6dks9hh01ix	.eJxdkEtvgzAQhP-Lzyky5mHoLVJUKYDS9JEqN2ttr4GCcIRBqKn630sqUqW9rWZnvh3tJzGgUFrbCDfAgOSebPL18SWDY-7jcE6mp508R4fDdtNsewuKM7IiAsahEqPDXtR6jvjBX1GCarC7bJxVNbRC2R69RXXe9aT3sAyP6zn6D1yBq2YA5YZSFYLmYHiccIoSJKYYU8YCNAHHOJAspExKo6TRqVZGU-5DmNAo0HyGLh1-0C24QbS2rLubktc-s7e0tmzxzl7M7Pclz7oryiKCHdu3H-OUv-5PLEqn8D3K6il7K8jXN5Iwbsk:1r54md:c-Nrd3AQbbRc0gFUHkMKdSyq4k45tOC-sy-o-YDeMs8	2023-12-04 13:57:51.249617+00
odxpxg4szsprr9vknxrrpn292poebccf	eyJnb29nbGUtb2F1dGgyX3N0YXRlIjoiRmF6T3Q3c09WbnlYdHdMTDBJOGlVa1c1RW9EQnRYRkoifQ:1r54nE:bTDhGSyjzm39s4yjM4af_UqaxJwUlnc6J3f-CDANv-o	2023-12-04 13:58:28.186681+00
\.


--
-- Data for Name: payment_cart; Type: TABLE DATA; Schema: public; Owner: root
--

COPY public.payment_cart (id, created_at, updated_at, total_price, user_id) FROM stdin;
23	2023-11-16 21:47:23.200981+00	2023-11-20 15:57:19.393848+00	288	1
\.


--
-- Data for Name: payment_cartitem; Type: TABLE DATA; Schema: public; Owner: root
--

COPY public.payment_cartitem (id, created_at, updated_at, quantity, total_price, cart_id, variant_id, size, done) FROM stdin;
144	2023-11-20 15:54:41.248178+00	2023-11-20 15:57:09.771216+00	6	288	23	16	S	t
\.


--
-- Data for Name: payment_orders; Type: TABLE DATA; Schema: public; Owner: root
--

COPY public.payment_orders (id, created_at, updated_at, "orderId", quantity, first_name, last_name, email, phone_number, flat, address, zip, country, city, region, payed, is_success, product_id) FROM stdin;
\.


--
-- Data for Name: product_category; Type: TABLE DATA; Schema: public; Owner: root
--

COPY public.product_category (id, title, title_en, title_az, image, slug, lft, rght, tree_id, level, parent_id) FROM stdin;
11	Accessories	Accessories	\N		accessories-women	2	3	2	1	2
6	Shoes	Shoes	\N		shoes-women	12	13	2	1	2
15	Accessories	Accessories	Aksesuarlar		accessories-kids	2	3	4	1	3
14	Clothing	Clothing	Geyim		clothing-kids	4	5	4	1	3
16	Shoes	Shoes	\N		shoes-kids	6	7	4	1	3
13	Accessories	Accessories	\N		accessories	1	2	5	0	\N
3	Kids	Kids	Uaq		kids	1	8	4	0	\N
2	Women	Women	Qadn		women	1	14	2	0	\N
18	Sport	Sport	\N		sport	9	10	2	2	5
5	Clothing	Clothing	\N		clothing-women	4	11	2	1	2
1	Men	Men	Kii		men	1	8	1	0	\N
12	Accessories	Accessories	Aksesuarlar		accessories-men	2	3	1	1	1
4	Clothing	Clothing	\N		clothing-men	4	5	1	1	1
7	Shoes	Shoes	\N		shoes-men	6	7	1	1	1
\.


--
-- Data for Name: product_color; Type: TABLE DATA; Schema: public; Owner: root
--

COPY public.product_color (id, created_at, updated_at, title) FROM stdin;
1	2023-10-28 08:36:19.491311+00	2023-10-28 08:36:19.491324+00	Green
2	2023-10-28 08:36:25.613624+00	2023-10-28 08:36:25.613638+00	Black
3	2023-10-28 08:36:30.498388+00	2023-10-28 08:36:30.498406+00	White
4	2023-10-28 09:01:27.144179+00	2023-10-28 09:01:27.14421+00	Red
5	2023-10-28 09:01:30.776799+00	2023-10-28 09:01:30.776818+00	Blue
6	2023-11-12 21:03:38.450964+00	2023-11-12 21:03:38.450987+00	Aqua
7	2023-11-12 21:03:54.662222+00	2023-11-12 21:03:54.662238+00	Brown
8	2023-11-13 09:04:35.283565+00	2023-11-13 09:07:37.229268+00	Wheat
9	2023-11-13 09:18:41.821895+00	2023-11-13 09:18:41.821917+00	Pink
10	2023-11-13 09:19:33.810593+00	2023-11-13 09:19:33.810624+00	Purple
\.


--
-- Data for Name: product_image; Type: TABLE DATA; Schema: public; Owner: root
--

COPY public.product_image (id, created_at, updated_at, image, is_main, variant_id) FROM stdin;
1	2023-10-28 08:40:49.982746+00	2023-10-28 08:40:49.982754+00	product_media/life-mens-cable-knit-turtleneck-sweater-d9ntgk_2.jpeg	t	1
47	2023-11-13 09:46:57.334087+00	2023-11-13 09:46:57.334095+00	product_media/qadin_aksesuar_canta_qHfHtC8.webp	t	33
7	2023-10-28 17:18:40.16169+00	2023-10-28 17:18:40.161701+00	product_media/life-mens-cable-knit-turtleneck-sweater-d9ntgk_RiMsBns.jpeg	t	2
8	2023-10-28 17:18:59.337164+00	2023-10-28 17:18:59.337174+00	product_media/life-mens-cable-knit-turtleneck-sweater-d9ntgk_1_tRBhpBb.jpeg	t	3
11	2023-10-28 17:37:50.698526+00	2023-10-28 17:37:50.69854+00	product_media/sportswear-phoenix-fleece-womens-over-oversized-crewneck-sweatshirt-nTshQ_3YPkbJ9.jpeg	t	7
16	2023-10-29 16:34:00.276172+00	2023-10-29 16:34:00.276186+00	product_media/ea6acfb0-94a7-485d-9aff-707adbd477b6_26IOhL4.webp	t	9
19	2023-10-30 15:15:13.466819+00	2023-10-30 15:23:40.386552+00	product_media/air-force-1-wild-womens-shoes-r7kSSl_9UTCf4k.jpeg	t	10
18	2023-10-30 15:14:41.647803+00	2023-10-30 15:23:58.673592+00	product_media/air-force-1-wild-womens-shoes-r7kSSl_1.jpeg	t	11
23	2023-11-08 08:23:54.850558+00	2023-11-08 08:23:54.850569+00	product_media/air9b72-524966c032cf_CNzUy5E.webp	t	12
25	2023-11-10 12:40:29.219064+00	2023-11-10 12:40:29.219093+00	product_media/sportswear-phoenix-fleece-womens-over-oversized-crewneck-sweatshirt-nTshQ_Qrj36iu.jpeg	t	5
26	2023-11-12 21:05:56.828604+00	2023-11-12 21:05:56.828612+00	product_media/1_org_zoom.webp	t	16
27	2023-11-12 21:07:39.450413+00	2023-11-12 21:07:39.450429+00	product_media/auqa_pull_l4ZPEO6.webp	t	17
28	2023-11-12 21:08:37.566718+00	2023-11-12 21:08:37.56673+00	product_media/brown_pull_tfzQRbc.webp	t	18
30	2023-11-12 21:32:53.106627+00	2023-11-12 21:32:53.106644+00	product_media/zara_red_women_trg83AB.webp	t	21
31	2023-11-12 21:34:30.023266+00	2023-11-12 21:34:30.02328+00	product_media/zara_women_blue_aetcVB3.webp	t	20
34	2023-11-12 21:35:36.655599+00	2023-11-12 21:35:36.655635+00	product_media/zara_black_omen_HrbB6Hb.webp	t	19
36	2023-11-13 09:04:23.566613+00	2023-11-13 09:04:23.566622+00	product_media/another_men_kids_milk_GgNukIA.webp	t	22
37	2023-11-13 09:10:33.526619+00	2023-11-13 09:10:39.592011+00	product_media/kids_nike_men_Bwuq6sn.webp	t	23
38	2023-11-13 09:13:39.105576+00	2023-11-13 09:13:39.105585+00	product_media/adidas_kids_men_PTuOPlT.webp	t	24
39	2023-11-13 09:22:09.320564+00	2023-11-13 09:22:09.320572+00	product_media/kids_women_nike_shoes_D0YNKxj.webp	t	26
40	2023-11-13 09:23:11.982464+00	2023-11-13 09:23:18.712762+00	product_media/kids_women_adidas_shoes_6vIsOGN.webp	t	25
41	2023-11-13 09:28:36.095375+00	2023-11-13 09:28:36.095384+00	product_media/kids_men_shoes_Adidas_h0OmSxK.webp	t	27
42	2023-11-13 09:32:29.043129+00	2023-11-13 09:32:29.04314+00	product_media/kids_women_Adidas_XycEB73.webp	t	28
43	2023-11-13 09:40:14.093344+00	2023-11-13 09:40:14.093354+00	product_media/glasess_women_black_ApxCWDA.webp	t	30
44	2023-11-13 09:40:38.958792+00	2023-11-13 09:40:38.9588+00	product_media/women_glasses_white_z6bOL3T.webp	t	29
45	2023-11-13 09:42:27.852022+00	2023-11-13 09:42:27.852036+00	product_media/zara_men_kaslok_LHbYc5a.webp	t	31
46	2023-11-13 09:45:15.655215+00	2023-11-13 09:45:15.65523+00	product_media/zara_men_kemer_UnqMZir.webp	t	32
\.


--
-- Data for Name: product_option; Type: TABLE DATA; Schema: public; Owner: root
--

COPY public.product_option (id, created_at, updated_at, stock, variant_id, size_id) FROM stdin;
1	2023-10-28 08:43:21.645116+00	2023-10-28 08:43:21.645128+00	3	1	1
2	2023-10-28 08:43:21.650273+00	2023-10-28 08:43:21.650289+00	5	1	2
4	2023-10-28 09:03:19.394812+00	2023-10-28 09:03:19.39483+00	4	5	2
5	2023-10-28 17:18:40.164938+00	2023-10-28 17:18:40.164949+00	2	2	1
6	2023-11-04 15:08:41.070565+00	2023-11-04 15:08:41.070573+00	2	7	2
7	2023-11-04 15:08:41.072496+00	2023-11-04 15:08:41.072505+00	3	7	3
9	2023-11-10 13:29:40.816753+00	2023-11-10 13:29:40.816766+00	3	5	3
10	2023-11-10 13:50:33.868486+00	2023-11-10 13:50:33.868494+00	3	10	11
11	2023-11-10 13:53:35.155265+00	2023-11-10 13:53:35.155277+00	3	11	8
12	2023-11-10 13:53:35.156256+00	2023-11-10 13:53:35.156266+00	5	11	9
13	2023-11-12 21:05:56.834603+00	2023-11-12 21:05:56.834619+00	3	16	1
14	2023-11-12 21:05:56.836086+00	2023-11-12 21:05:56.8361+00	4	16	2
15	2023-11-12 21:05:56.836848+00	2023-11-12 21:05:56.836863+00	1	16	3
16	2023-11-12 21:05:56.837546+00	2023-11-12 21:05:56.837557+00	5	16	5
17	2023-11-12 21:05:56.838125+00	2023-11-12 21:05:56.838134+00	7	16	6
18	2023-11-12 21:07:39.453102+00	2023-11-12 21:07:39.453122+00	2	17	2
19	2023-11-12 21:07:39.454239+00	2023-11-12 21:07:39.454257+00	3	17	3
20	2023-11-12 21:08:37.568886+00	2023-11-12 21:08:37.568906+00	6	18	3
21	2023-11-12 21:08:37.570082+00	2023-11-12 21:08:37.570096+00	9	18	6
22	2023-11-12 21:08:37.570876+00	2023-11-12 21:08:37.570888+00	15	18	1
23	2023-11-12 21:32:53.108404+00	2023-11-12 21:32:53.108423+00	2	21	2
24	2023-11-12 21:32:53.109509+00	2023-11-12 21:32:53.109524+00	3	21	1
25	2023-11-12 21:32:53.110225+00	2023-11-12 21:32:53.110239+00	5	21	3
26	2023-11-12 21:34:30.02891+00	2023-11-12 21:34:30.028931+00	3	20	1
27	2023-11-12 21:34:30.030062+00	2023-11-12 21:34:30.030079+00	8	20	3
28	2023-11-12 21:35:36.666737+00	2023-11-12 21:35:36.666769+00	6	19	6
29	2023-11-13 09:04:23.57244+00	2023-11-13 09:04:23.572455+00	2	22	1
30	2023-11-13 09:04:23.573667+00	2023-11-13 09:04:23.573681+00	3	22	2
31	2023-11-13 09:10:33.529451+00	2023-11-13 09:10:33.529471+00	1	23	2
32	2023-11-13 09:13:39.107714+00	2023-11-13 09:13:39.107734+00	2	24	1
33	2023-11-13 09:22:09.323005+00	2023-11-13 09:22:09.32303+00	3	26	12
34	2023-11-13 09:23:11.986168+00	2023-11-13 09:23:11.986186+00	3	25	12
35	2023-11-13 09:23:11.987215+00	2023-11-13 09:23:11.987233+00	2	25	11
36	2023-11-13 09:28:36.098071+00	2023-11-13 09:28:36.098094+00	2	27	12
37	2023-11-13 09:28:36.099377+00	2023-11-13 09:28:36.099394+00	5	27	11
38	2023-11-13 09:28:36.100072+00	2023-11-13 09:28:36.100085+00	6	27	7
39	2023-11-13 09:32:29.045357+00	2023-11-13 09:32:29.045385+00	3	28	1
40	2023-11-13 09:32:49.092467+00	2023-11-13 09:32:49.092495+00	4	3	6
41	2023-11-13 09:33:07.831456+00	2023-11-13 09:33:07.831476+00	4	9	5
42	2023-11-13 09:40:14.095622+00	2023-11-13 09:40:14.095642+00	3	30	3
43	2023-11-13 09:40:38.960587+00	2023-11-13 09:40:38.960605+00	4	29	3
44	2023-11-13 09:45:15.657592+00	2023-11-13 09:45:15.65761+00	3	32	4
45	2023-11-13 09:46:57.335658+00	2023-11-13 09:46:57.335676+00	3	33	4
\.


--
-- Data for Name: product_product; Type: TABLE DATA; Schema: public; Owner: root
--

COPY public.product_product (id, created_at, updated_at, title, title_en, title_az, product_detail, product_detail_en, product_detail_az, "desc", desc_en, desc_az, video, slug, category_id, vendor_id, price, general_stock) FROM stdin;
11	2023-11-13 09:12:55.425439+00	2023-11-18 14:57:10.205763+00	KIDS Nike Sweatshirt	KIDS Nike Sweatshirt	\N	75 % Cotton	75 % Cotton	75 % Pambq	Nike Brand	Nike Brand	Nike Brend	https://www.youtube.com/watch?v=iYsPgyEEIxA	kids-nike-sweatshirt-wheat	14	1	65.00	\N
12	2023-11-13 09:20:35.002364+00	2023-11-18 14:57:32.268337+00	Zara Kids Shoes	Zara Kids Shoes	\N	\N	\N	\N	\N	\N	\N	\N	zara-kids-shoes-pink	16	4	80.00	t
13	2023-11-13 09:27:32.170494+00	2023-11-18 14:58:12.945329+00	Pull & Bear Kids Shoes	Pull & Bear Kids Shoes	Pull & Bear Uaq Ayaqqabs	\N	\N	\N	\N	\N	\N	\N	pull-bear-kids-shoes-blue	16	3	80.00	f
14	2023-11-13 09:31:43.550957+00	2023-11-18 14:58:39.304417+00	Kids Adidas Sweatshirt Women	Kids Adidas Sweatshirt Women	Kids Adidas Sweatshirt Qadn	\N	\N	\N	\N	\N	\N	\N	kids-adidas-sweatshirt-women-blue	14	2	60.00	f
15	2023-11-13 09:39:36.938655+00	2023-11-18 14:58:50.782388+00	Pull & Bear Women Glasses	Pull & Bear Women Glasses	Pull & Bear Qadn Eynk	\N	\N	\N	\N	\N	\N	\N	pull-bear-women-glasses-white	11	3	25.00	t
16	2023-11-13 09:41:37.736688+00	2023-11-18 14:59:19.372545+00	Zara Men Wallet	Zara Men Wallet	Zara Kii Kalok	\N	\N	\N	\N	\N	\N	\N	zara-men-wallet-black	12	4	10.00	t
1	2023-10-28 08:37:38.775379+00	2023-11-16 09:35:30.488521+00	Men's Cable Knit Turtleneck Sweater	Men's Cable Knit Turtleneck Sweater	\N	!	!	!	!	!	!	https://www.youtube.com/watch?v=cK5kFkOl3pc&list=RDcK5kFkOl3pc&start_radio=1	mens-cable-knit-turtleneck-sweater-black	4	1	100.00	\N
2	2023-10-28 09:02:33.420879+00	2023-11-16 09:37:46.938192+00	Women's Over-Oversized Crewneck Sweatshirt	Women's Over-Oversized Crewneck Sweatshirt	\N	!	!	!	!	!	!	https://www.youtube.com/watch?v=cK5kFkOl3pc&list=RDcK5kFkOl3pc&start_radio=1	womens-over-oversized-crewneck-sweatshirt-red	5	1	80.00	\N
3	2023-10-29 16:32:54.993428+00	2023-11-16 09:38:37.372497+00	Women's Fleece Track Top	Women's Fleece Track Top	\N	!	!	!	!	!	!	https://www.youtube.com/watch?v=iYsPgyEEIxA	womens-fleece-track-top-black	5	1	60.00	\N
8	2023-11-12 21:04:08.533595+00	2023-11-16 09:41:34.941662+00	Pull & Bear Oversize T-Shirt	Pull & Bear Oversize T-Shirt	Pull & Bear Oversize Kynk	87 % Cotton	87 % Cotton	87 %  Pambq	Pull & Bear Brand	Pull & Bear Brand	Pull & Bear Brend	https://www.youtube.com/watch?v=cK5kFkOl3pc&list=RDcK5kFkOl3pc&start_radio=1	pull-bear-oversize-t-shirt-green	4	3	60.00	t
9	2023-11-12 21:31:37.545286+00	2023-11-18 14:55:50.582661+00	Zara Wedding Dress	Zara Wedding Dress	Zara Don	100 % Cotton	100 % Cotton	100 % Pambq	Zara Brand	Zara Brand	Zara Brend	https://www.youtube.com/watch?v=EsQkm-aPXdc	zara-wedding-dress-black	5	4	180.00	t
10	2023-11-13 08:46:28.43779+00	2023-11-18 14:56:34.927967+00	KIDS Adidas  Sweatshirt	KIDS Adidas  Sweatshirt	Adidas Uaq	100 % Cotton	100 % Cotton	100 % Pambq	Adidas Brand	Adidas Brand	Adidas Brend	https://www.youtube.com/watch?v=iYsPgyEEIxA	kids-adidas-sweatshirt-wheat	14	2	40.00	t
17	2023-11-13 09:44:27.183261+00	2023-11-18 14:59:32.680855+00	Zara Men Belt	Zara Men Belt	Zara Kii Kmr	\N	\N	\N	\N	\N	\N	\N	zara-men-belt-black	12	4	20.00	t
18	2023-11-13 09:46:22.005638+00	2023-11-18 15:00:29.77819+00	Pull & Bear Women Bag	Pull & Bear Women Bag	Pull & Bear Qadn anta	\N	\N	\N	\N	\N	\N	\N	pull-bear-women-bag-black	11	3	40.00	t
4	2023-10-30 15:10:39.922527+00	2023-11-20 12:46:16.3838+00	Nike Air Force 1 Wild	Nike Air Force 1 Wild	\N	!	!	!	!	!	!	https://www.youtube.com/watch?v=iYsPgyEEIxA	nike-air-force-1-wild-red	6	1	80.00	\N
\.


--
-- Data for Name: product_size; Type: TABLE DATA; Schema: public; Owner: root
--

COPY public.product_size (id, created_at, updated_at, title) FROM stdin;
1	2023-10-28 08:42:30.914596+00	2023-10-28 08:42:30.914639+00	XS
2	2023-10-28 08:42:34.382661+00	2023-10-28 08:42:34.382675+00	S
3	2023-10-28 08:42:38.162584+00	2023-10-28 08:42:38.162603+00	M
4	2023-10-28 08:42:42.377503+00	2023-10-28 08:42:42.377519+00	L
5	2023-10-28 08:42:44.895767+00	2023-10-28 08:42:44.895789+00	XL
6	2023-10-28 08:42:47.464693+00	2023-10-28 08:42:47.464731+00	XXL
7	2023-11-10 13:49:00.572891+00	2023-11-10 13:49:00.572916+00	38
8	2023-11-10 13:49:06.377942+00	2023-11-10 13:49:06.377959+00	40
9	2023-11-10 13:49:10.706218+00	2023-11-10 13:49:10.70624+00	42
10	2023-11-10 13:49:15.69368+00	2023-11-10 13:49:15.693761+00	44
11	2023-11-10 13:49:21.049573+00	2023-11-10 13:49:21.049585+00	36
12	2023-11-13 09:21:55.086982+00	2023-11-13 09:21:55.086995+00	34
\.


--
-- Data for Name: product_variant; Type: TABLE DATA; Schema: public; Owner: root
--

COPY public.product_variant (id, created_at, updated_at, title, title_en, title_az, discount_type, discount_amount, actual_price, discount_time, slug, product_id, is_main_variant, color_id, new_status, is_main_image, rating) FROM stdin;
11	2023-10-30 15:10:39.931414+00	2023-11-20 12:46:16.38596+00	Nike Air Force 1 Wild Red	Nike Air Force 1 Wild Red	\N	\N	\N	80.00	\N	nike-air-force-1-wild-red	4	t	4	t	product_media/air-force-1-wild-womens-shoes-r7kSSl_1_legFF8W_mIaEBD1.jpeg	1
17	2023-11-12 21:04:08.538231+00	2023-11-18 14:54:57.344806+00	Pull & Bear Oversize T-Shirt Aqua	Pull & Bear Oversize T-Shirt Aqua	Pull & Bear Oversize T-Shirt Mavi	AMOUNT	50	10.00	\N	pull-bear-oversize-t-shirt-aqua	8	f	6	t	product_media/auqa_pull_9c5URdw.webp	1
3	2023-10-28 08:37:38.78816+00	2023-11-16 09:36:30.07486+00	Men's Cable Knit Turtleneck Sweater White	Men's Cable Knit Turtleneck Sweater White	\N	\N	\N	100.00	\N	mens-cable-knit-turtleneck-sweater-white	1	f	3	f	product_media/life-mens-cable-knit-turtleneck-sweater-d9ntgk_1_q5z9mTJ.jpeg	1
18	2023-11-12 21:04:08.539077+00	2023-11-18 14:55:21.027994+00	Pull & Bear Oversize T-Shirt Red	Pull & Bear Oversize T-Shirt Red	Pull & Bear Oversize T-Shirt Qrmz	\N	\N	60.00	\N	pull-bear-oversize-t-shirt-red	8	f	4	f	product_media/brown_pull_hiIou3a.webp	1
19	2023-11-12 21:31:37.549661+00	2023-11-18 14:55:50.583989+00	Zara Wedding Dress Black	Zara Wedding Dress Black	Zara Don Qara	AMOUNT	25	155.00	\N	zara-wedding-dress-black	9	t	2	t	product_media/zara_black_omen_z8fDvHV.webp	1
5	2023-10-28 09:02:33.427006+00	2023-11-16 09:37:15.725411+00	Women's Over-Oversized Crewneck Sweatshirt Blue	Women's Over-Oversized Crewneck Sweatshirt Blue	\N	\N	\N	80.00	\N	womens-over-oversized-crewneck-sweatshirt-blue	2	f	5	f	product_media/sportswear-phoenix-fleece-womens-over-oversized-crewneck-sweatshirt-nTshQ_qMYt2uK.jpeg	1
7	2023-10-28 17:36:55.31924+00	2023-11-16 09:37:46.939914+00	Women's Over-Oversized Crewneck Sweatshirt Red	Women's Over-Oversized Crewneck Sweatshirt Red	\N	\N	\N	80.00	\N	womens-over-oversized-crewneck-sweatshirt-red	2	t	4	t	product_media/sportswear-phoenix-fleece-womens-over-oversized-crewneck-sweatshirt-nTshQ_g4y6urr.jpeg	1
10	2023-10-30 15:10:39.928351+00	2023-11-20 12:46:07.813189+00	Nike Air Force 1 Wild Green	Nike Air Force 1 Wild Green	\N	\N	\N	80.00	\N	nike-air-force-1-wild-green	4	f	1	f	product_media/air-force-1-wild-womens-shoes-r7kSSl_9UTCf4k_ttl0o8y.jpeg	1
9	2023-10-29 16:32:55.008195+00	2023-11-16 09:38:37.374365+00	Women's Fleece Track Top Black	Women's Fleece Track Top Black	\N	PRECENT	50	30.00	\N	womens-fleece-track-top-black	3	t	2	f	product_media/ea6acfb0-94a7-485d-9aff-707adbd477b6_J7kNVcl.webp	1
12	2023-10-30 15:10:39.933316+00	2023-11-16 09:41:08.611186+00	Nike Air Force 1 Wild White	Nike Air Force 1 Wild White	Nike	PRECENT	25	60.00	\N	nike-air-force-1-wild-white	4	f	3	f	product_media/0fe771b3-c1bf-403b-a5da-b2836c52e185_jk4Jkvo_QBnhGjz.webp	1
20	2023-11-12 21:31:37.551216+00	2023-11-18 14:56:04.424039+00	Zara Wedding Dress Blue	Zara Wedding Dress Blue	Zara Don Gy	\N	\N	180.00	\N	zara-wedding-dress-blue	9	f	5	f	product_media/zara_women_blue_uEb5jE3.webp	1
25	2023-11-13 09:20:35.005539+00	2023-11-18 14:57:32.269749+00	Zara Kids Shoes Pink	Zara Kids Shoes Pink	Zara Uaq Ayaqqabs hray	\N	\N	80.00	\N	zara-kids-shoes-pink	12	t	9	t	product_media/kids_women_adidas_shoes_4YUeNMY.webp	1
21	2023-11-12 21:31:37.552163+00	2023-11-18 14:56:17.765001+00	Zara Wedding Dress Red	Zara Wedding Dress Red	Zara Don Qrmz	\N	\N	180.00	\N	zara-wedding-dress-red	9	f	4	f	product_media/zara_red_women_04gRPCV.webp	1
23	2023-11-13 08:46:28.451678+00	2023-11-18 14:56:54.080011+00	KIDS Adidas  Sweatshirt Aqua	KIDS Adidas  Sweatshirt Aqua	\N	\N	\N	40.00	\N	kids-adidas-sweatshirt-aqua	10	f	6	f	product_media/kids_nike_men_mYfIHGF.webp	1
24	2023-11-13 09:12:55.435363+00	2023-11-18 14:57:10.206832+00	KIDS Nike Sweatshirt Wheat	KIDS Nike Sweatshirt Wheat	\N	\N	\N	65.00	\N	kids-nike-sweatshirt-wheat	11	t	8	f	product_media/adidas_kids_men_uhFwTZt.webp	1
26	2023-11-13 09:20:35.006947+00	2023-11-18 14:57:51.088262+00	Zara Kids Shoes Purple	Zara Kids Shoes Purple	Zara Uaq Ayaqqabs Bnvyi	\N	\N	80.00	\N	zara-kids-shoes-purple	12	f	10	t	product_media/kids_women_nike_shoes_rK5RYNb.webp	1
27	2023-11-13 09:27:32.17287+00	2023-11-18 14:58:12.947269+00	Pull & Bear Kids Shoes Blue	Pull & Bear Kids Shoes Blue	Pull & Bear Uaq Ayaqqabs Gy	AMOUNT	20	60.00	\N	pull-bear-kids-shoes-blue	13	t	5	t	product_media/kids_men_shoes_Adidas_XXNRbEv.webp	1
16	2023-11-12 21:04:08.536676+00	2023-11-16 09:41:34.94279+00	Pull & Bear Oversize T-Shirt Green	Pull & Bear Oversize T-Shirt Green	Pull & Bear Oversize T-Shirt Yal	PRECENT	20	48.00	\N	pull-bear-oversize-t-shirt-green	8	t	1	t	product_media/1_org_zoom_ZNkpOUd.webp	1
31	2023-11-13 09:41:37.739949+00	2023-11-18 14:59:19.373945+00	Zara Men Wallet Black	Zara Men Wallet Black	Zara Kii Kalok Qara	\N	\N	10.00	\N	zara-men-wallet-black	16	t	2	t	product_media/zara_men_kaslok_deSpnef.webp	1
22	2023-11-13 08:46:28.44937+00	2023-11-18 14:56:34.929159+00	KIDS Adidas  Sweatshirt Wheat	KIDS Adidas  Sweatshirt Wheat	Uaq Adidas  Sweatshirt Sd	PRECENT	15	34.00	\N	kids-adidas-sweatshirt-wheat	10	t	8	t	product_media/another_men_kids_milk_CicU0bo.webp	1
1	2023-10-28 08:37:38.780764+00	2023-11-16 09:35:30.489993+00	Men's Cable Knit Turtleneck Sweater Black	Men's Cable Knit Turtleneck Sweater Black	\N	PRECENT	25	75.00	\N	mens-cable-knit-turtleneck-sweater-black	1	t	2	t	product_media/life-mens-cable-knit-turtleneck-sweater-d9ntgk_2_HKqKpLQ.jpeg	1
2	2023-10-28 08:37:38.78653+00	2023-11-16 09:36:02.480428+00	Men's Cable Knit Turtleneck Sweater Green	Men's Cable Knit Turtleneck Sweater Green	\N	\N	\N	100.00	\N	mens-cable-knit-turtleneck-sweater-green	1	f	1	t	product_media/life-mens-cable-knit-turtleneck-sweater-d9ntgk_4V8Lj1B.jpeg	1
28	2023-11-13 09:31:43.553268+00	2023-11-18 14:58:39.306386+00	Kids Adidas Sweatshirt Women Blue	Kids Adidas Sweatshirt Women Blue	Uaq Adidas Sweatshirt Qadn Gy	\N	\N	60.00	\N	kids-adidas-sweatshirt-women-blue	14	t	5	t	product_media/kids_women_Adidas_uB5wvmE.webp	1
29	2023-11-13 09:39:36.940897+00	2023-11-18 14:58:50.784478+00	Pull & Bear Women Glasses White	Pull & Bear Women Glasses White	Pull & Bear Qadn Eynk A	\N	\N	25.00	\N	pull-bear-women-glasses-white	15	t	3	t	product_media/women_glasses_white_aszoUou.webp	1
30	2023-11-13 09:39:36.942076+00	2023-11-18 14:59:02.116882+00	Pull & Bear Women Glasses Black	Pull & Bear Women Glasses Black	\N	\N	\N	25.00	\N	pull-bear-women-glasses-black	15	f	2	f	product_media/glasess_women_black_yY7MQJz.webp	1
32	2023-11-13 09:44:27.18635+00	2023-11-18 14:59:32.682564+00	Zara Men Belt Black	Zara Men Belt Black	Zara Kii Kmr Qara	PRECENT	50	10.00	\N	zara-men-belt-black	17	t	2	t	product_media/zara_men_kemer_FoaK5ad.webp	1
33	2023-11-13 09:46:22.008554+00	2023-11-18 15:00:29.780646+00	Pull & Bear Women Bag Black	Pull & Bear Women Bag Black	Pull & Bear Qadn anta Qara	\N	\N	40.00	\N	pull-bear-women-bag-black	18	t	2	t	product_media/qadin_aksesuar_canta_4Wprel1.webp	1
\.


--
-- Data for Name: product_vendor; Type: TABLE DATA; Schema: public; Owner: root
--

COPY public.product_vendor (id, created_at, updated_at, name, image, "desc", rating, fb, gp, tw, ig) FROM stdin;
1	2023-10-28 08:18:27.02196+00	2023-10-28 08:18:27.021982+00	Nike	vendor_media/life-mens-cable-knit-turtleneck-sweater-d9ntgk_2.jpeg	!	0	\N	\N	\N	\N
2	2023-11-04 15:58:06.293085+00	2023-11-04 15:58:06.2931+00	Adidas	vendor_media/air-force-1-wild-womens-shoes-r7kSSl.jpeg	@	0	\N	\N	\N	\N
4	2023-11-12 21:30:43.109603+00	2023-11-12 21:30:43.109619+00	Zara	vendor_media/another_zara_women_black.webp	Zara Brand	0	\N	\N	\N	\N
3	2023-11-12 21:01:08.86517+00	2023-11-18 15:07:23.393696+00	PullBear	vendor_media/1_org_zoom.webp	Pull & Bear Brand	0	\N	\N	\N	\N
\.


--
-- Data for Name: social_auth_association; Type: TABLE DATA; Schema: public; Owner: root
--

COPY public.social_auth_association (id, server_url, handle, secret, issued, lifetime, assoc_type) FROM stdin;
\.


--
-- Data for Name: social_auth_code; Type: TABLE DATA; Schema: public; Owner: root
--

COPY public.social_auth_code (id, email, code, verified, "timestamp") FROM stdin;
\.


--
-- Data for Name: social_auth_nonce; Type: TABLE DATA; Schema: public; Owner: root
--

COPY public.social_auth_nonce (id, server_url, "timestamp", salt) FROM stdin;
\.


--
-- Data for Name: social_auth_partial; Type: TABLE DATA; Schema: public; Owner: root
--

COPY public.social_auth_partial (id, token, next_step, backend, "timestamp", data) FROM stdin;
\.


--
-- Data for Name: social_auth_usersocialauth; Type: TABLE DATA; Schema: public; Owner: root
--

COPY public.social_auth_usersocialauth (id, provider, uid, user_id, created, modified, extra_data) FROM stdin;
9	google-oauth2	rustemzade.tunay.2000@gmail.com	1	2023-11-20 14:00:49.917269+00	2023-11-20 14:00:49.929411+00	{"expires": 3599, "auth_time": 1700488849, "token_type": "Bearer", "access_token": "ya29.a0AfB_byDK6kvVo2d4IbV8N2DooSWSxxeFi6I6xvy2pRTTeB2BSMJt-gUdM_JDD2evZmVhp77NnNTaiwOjzhkU2lS9KR7uEIF8yGbZ3Ls97VmFgo50eat86eQoR57G730ybMMCnrIYrSqDLwSBEsb57LK6oUknYQUgc0kHaCgYKAZwSARISFQHGX2MiLILkOTvLGOqvWZZMVGE5hA0171"}
10	google-oauth2	rl4573509@gmail.com	21	2023-11-20 15:50:41.928596+00	2023-11-20 15:50:41.932905+00	{"expires": 3599, "auth_time": 1700495441, "token_type": "Bearer", "access_token": "ya29.a0AfB_byCh9Blc_qQuzNEDaos1naSfkrgpFnDf_AKOvwCM0sUPA0v1lONeD3zsoMZ0S2fNNaPfvu80JDZk09uSpjpAOf6jLjA59UklMXem_0YzJmqix48Xpuuk4zC_1dCfZSlhf2hHV-nT04wHKndVR-BAX9d-lRD31waCgYKAUoSARESFQHGX2MiKpJ3nf3WNPxzpIHncAF0Wg0169"}
\.


--
-- Name: account_profile_id_seq; Type: SEQUENCE SET; Schema: public; Owner: root
--

SELECT pg_catalog.setval('public.account_profile_id_seq', 29, true);


--
-- Name: account_review_id_seq; Type: SEQUENCE SET; Schema: public; Owner: root
--

SELECT pg_catalog.setval('public.account_review_id_seq', 22, true);


--
-- Name: account_user_groups_id_seq; Type: SEQUENCE SET; Schema: public; Owner: root
--

SELECT pg_catalog.setval('public.account_user_groups_id_seq', 1, false);


--
-- Name: account_user_id_seq; Type: SEQUENCE SET; Schema: public; Owner: root
--

SELECT pg_catalog.setval('public.account_user_id_seq', 22, true);


--
-- Name: account_user_user_permissions_id_seq; Type: SEQUENCE SET; Schema: public; Owner: root
--

SELECT pg_catalog.setval('public.account_user_user_permissions_id_seq', 1, false);


--
-- Name: account_wishlist_id_seq; Type: SEQUENCE SET; Schema: public; Owner: root
--

SELECT pg_catalog.setval('public.account_wishlist_id_seq', 18, true);


--
-- Name: auth_group_id_seq; Type: SEQUENCE SET; Schema: public; Owner: root
--

SELECT pg_catalog.setval('public.auth_group_id_seq', 1, false);


--
-- Name: auth_group_permissions_id_seq; Type: SEQUENCE SET; Schema: public; Owner: root
--

SELECT pg_catalog.setval('public.auth_group_permissions_id_seq', 1, false);


--
-- Name: auth_permission_id_seq; Type: SEQUENCE SET; Schema: public; Owner: root
--

SELECT pg_catalog.setval('public.auth_permission_id_seq', 160, true);


--
-- Name: core_about_id_seq; Type: SEQUENCE SET; Schema: public; Owner: root
--

SELECT pg_catalog.setval('public.core_about_id_seq', 1, false);


--
-- Name: core_contact_id_seq; Type: SEQUENCE SET; Schema: public; Owner: root
--

SELECT pg_catalog.setval('public.core_contact_id_seq', 1, true);


--
-- Name: core_creator_id_seq; Type: SEQUENCE SET; Schema: public; Owner: root
--

SELECT pg_catalog.setval('public.core_creator_id_seq', 1, false);


--
-- Name: core_faq_id_seq; Type: SEQUENCE SET; Schema: public; Owner: root
--

SELECT pg_catalog.setval('public.core_faq_id_seq', 1, false);


--
-- Name: core_mainphotos_id_seq; Type: SEQUENCE SET; Schema: public; Owner: root
--

SELECT pg_catalog.setval('public.core_mainphotos_id_seq', 6, true);


--
-- Name: core_subscriber_id_seq; Type: SEQUENCE SET; Schema: public; Owner: root
--

SELECT pg_catalog.setval('public.core_subscriber_id_seq', 54, true);


--
-- Name: django_admin_log_id_seq; Type: SEQUENCE SET; Schema: public; Owner: root
--

SELECT pg_catalog.setval('public.django_admin_log_id_seq', 433, true);


--
-- Name: django_celery_beat_clockedschedule_id_seq; Type: SEQUENCE SET; Schema: public; Owner: root
--

SELECT pg_catalog.setval('public.django_celery_beat_clockedschedule_id_seq', 1, false);


--
-- Name: django_celery_beat_crontabschedule_id_seq; Type: SEQUENCE SET; Schema: public; Owner: root
--

SELECT pg_catalog.setval('public.django_celery_beat_crontabschedule_id_seq', 1, true);


--
-- Name: django_celery_beat_intervalschedule_id_seq; Type: SEQUENCE SET; Schema: public; Owner: root
--

SELECT pg_catalog.setval('public.django_celery_beat_intervalschedule_id_seq', 1, true);


--
-- Name: django_celery_beat_periodictask_id_seq; Type: SEQUENCE SET; Schema: public; Owner: root
--

SELECT pg_catalog.setval('public.django_celery_beat_periodictask_id_seq', 2, true);


--
-- Name: django_celery_beat_solarschedule_id_seq; Type: SEQUENCE SET; Schema: public; Owner: root
--

SELECT pg_catalog.setval('public.django_celery_beat_solarschedule_id_seq', 1, false);


--
-- Name: django_content_type_id_seq; Type: SEQUENCE SET; Schema: public; Owner: root
--

SELECT pg_catalog.setval('public.django_content_type_id_seq', 40, true);


--
-- Name: django_migrations_id_seq; Type: SEQUENCE SET; Schema: public; Owner: root
--

SELECT pg_catalog.setval('public.django_migrations_id_seq', 124, true);


--
-- Name: payment_cart_id_seq; Type: SEQUENCE SET; Schema: public; Owner: root
--

SELECT pg_catalog.setval('public.payment_cart_id_seq', 25, true);


--
-- Name: payment_cartitem_id_seq; Type: SEQUENCE SET; Schema: public; Owner: root
--

SELECT pg_catalog.setval('public.payment_cartitem_id_seq', 145, true);


--
-- Name: payment_orders_id_seq; Type: SEQUENCE SET; Schema: public; Owner: root
--

SELECT pg_catalog.setval('public.payment_orders_id_seq', 10, true);


--
-- Name: product_category_id_seq; Type: SEQUENCE SET; Schema: public; Owner: root
--

SELECT pg_catalog.setval('public.product_category_id_seq', 18, true);


--
-- Name: product_color_id_seq; Type: SEQUENCE SET; Schema: public; Owner: root
--

SELECT pg_catalog.setval('public.product_color_id_seq', 10, true);


--
-- Name: product_image_id_seq; Type: SEQUENCE SET; Schema: public; Owner: root
--

SELECT pg_catalog.setval('public.product_image_id_seq', 47, true);


--
-- Name: product_option_id_seq; Type: SEQUENCE SET; Schema: public; Owner: root
--

SELECT pg_catalog.setval('public.product_option_id_seq', 45, true);


--
-- Name: product_product_id_seq; Type: SEQUENCE SET; Schema: public; Owner: root
--

SELECT pg_catalog.setval('public.product_product_id_seq', 18, true);


--
-- Name: product_size_id_seq; Type: SEQUENCE SET; Schema: public; Owner: root
--

SELECT pg_catalog.setval('public.product_size_id_seq', 12, true);


--
-- Name: product_variant_id_seq; Type: SEQUENCE SET; Schema: public; Owner: root
--

SELECT pg_catalog.setval('public.product_variant_id_seq', 33, true);


--
-- Name: product_vendor_id_seq; Type: SEQUENCE SET; Schema: public; Owner: root
--

SELECT pg_catalog.setval('public.product_vendor_id_seq', 4, true);


--
-- Name: social_auth_association_id_seq; Type: SEQUENCE SET; Schema: public; Owner: root
--

SELECT pg_catalog.setval('public.social_auth_association_id_seq', 1, false);


--
-- Name: social_auth_code_id_seq; Type: SEQUENCE SET; Schema: public; Owner: root
--

SELECT pg_catalog.setval('public.social_auth_code_id_seq', 1, false);


--
-- Name: social_auth_nonce_id_seq; Type: SEQUENCE SET; Schema: public; Owner: root
--

SELECT pg_catalog.setval('public.social_auth_nonce_id_seq', 1, false);


--
-- Name: social_auth_partial_id_seq; Type: SEQUENCE SET; Schema: public; Owner: root
--

SELECT pg_catalog.setval('public.social_auth_partial_id_seq', 1, false);


--
-- Name: social_auth_usersocialauth_id_seq; Type: SEQUENCE SET; Schema: public; Owner: root
--

SELECT pg_catalog.setval('public.social_auth_usersocialauth_id_seq', 10, true);


--
-- Name: account_profile account_profile_pkey; Type: CONSTRAINT; Schema: public; Owner: root
--

ALTER TABLE ONLY public.account_profile
    ADD CONSTRAINT account_profile_pkey PRIMARY KEY (id);


--
-- Name: account_review account_review_pkey; Type: CONSTRAINT; Schema: public; Owner: root
--

ALTER TABLE ONLY public.account_review
    ADD CONSTRAINT account_review_pkey PRIMARY KEY (id);


--
-- Name: account_user account_user_email_0bd7c421_uniq; Type: CONSTRAINT; Schema: public; Owner: root
--

ALTER TABLE ONLY public.account_user
    ADD CONSTRAINT account_user_email_0bd7c421_uniq UNIQUE (email);


--
-- Name: account_user_groups account_user_groups_pkey; Type: CONSTRAINT; Schema: public; Owner: root
--

ALTER TABLE ONLY public.account_user_groups
    ADD CONSTRAINT account_user_groups_pkey PRIMARY KEY (id);


--
-- Name: account_user_groups account_user_groups_user_id_group_id_4d09af3e_uniq; Type: CONSTRAINT; Schema: public; Owner: root
--

ALTER TABLE ONLY public.account_user_groups
    ADD CONSTRAINT account_user_groups_user_id_group_id_4d09af3e_uniq UNIQUE (user_id, group_id);


--
-- Name: account_user account_user_pkey; Type: CONSTRAINT; Schema: public; Owner: root
--

ALTER TABLE ONLY public.account_user
    ADD CONSTRAINT account_user_pkey PRIMARY KEY (id);


--
-- Name: account_user_user_permissions account_user_user_permis_user_id_permission_id_48bdd28b_uniq; Type: CONSTRAINT; Schema: public; Owner: root
--

ALTER TABLE ONLY public.account_user_user_permissions
    ADD CONSTRAINT account_user_user_permis_user_id_permission_id_48bdd28b_uniq UNIQUE (user_id, permission_id);


--
-- Name: account_user_user_permissions account_user_user_permissions_pkey; Type: CONSTRAINT; Schema: public; Owner: root
--

ALTER TABLE ONLY public.account_user_user_permissions
    ADD CONSTRAINT account_user_user_permissions_pkey PRIMARY KEY (id);


--
-- Name: account_user account_user_username_key; Type: CONSTRAINT; Schema: public; Owner: root
--

ALTER TABLE ONLY public.account_user
    ADD CONSTRAINT account_user_username_key UNIQUE (username);


--
-- Name: account_wishlist account_wishlist_pkey; Type: CONSTRAINT; Schema: public; Owner: root
--

ALTER TABLE ONLY public.account_wishlist
    ADD CONSTRAINT account_wishlist_pkey PRIMARY KEY (id);


--
-- Name: auth_group auth_group_name_key; Type: CONSTRAINT; Schema: public; Owner: root
--

ALTER TABLE ONLY public.auth_group
    ADD CONSTRAINT auth_group_name_key UNIQUE (name);


--
-- Name: auth_group_permissions auth_group_permissions_group_id_permission_id_0cd325b0_uniq; Type: CONSTRAINT; Schema: public; Owner: root
--

ALTER TABLE ONLY public.auth_group_permissions
    ADD CONSTRAINT auth_group_permissions_group_id_permission_id_0cd325b0_uniq UNIQUE (group_id, permission_id);


--
-- Name: auth_group_permissions auth_group_permissions_pkey; Type: CONSTRAINT; Schema: public; Owner: root
--

ALTER TABLE ONLY public.auth_group_permissions
    ADD CONSTRAINT auth_group_permissions_pkey PRIMARY KEY (id);


--
-- Name: auth_group auth_group_pkey; Type: CONSTRAINT; Schema: public; Owner: root
--

ALTER TABLE ONLY public.auth_group
    ADD CONSTRAINT auth_group_pkey PRIMARY KEY (id);


--
-- Name: auth_permission auth_permission_content_type_id_codename_01ab375a_uniq; Type: CONSTRAINT; Schema: public; Owner: root
--

ALTER TABLE ONLY public.auth_permission
    ADD CONSTRAINT auth_permission_content_type_id_codename_01ab375a_uniq UNIQUE (content_type_id, codename);


--
-- Name: auth_permission auth_permission_pkey; Type: CONSTRAINT; Schema: public; Owner: root
--

ALTER TABLE ONLY public.auth_permission
    ADD CONSTRAINT auth_permission_pkey PRIMARY KEY (id);


--
-- Name: core_about core_about_pkey; Type: CONSTRAINT; Schema: public; Owner: root
--

ALTER TABLE ONLY public.core_about
    ADD CONSTRAINT core_about_pkey PRIMARY KEY (id);


--
-- Name: core_contact core_contact_pkey; Type: CONSTRAINT; Schema: public; Owner: root
--

ALTER TABLE ONLY public.core_contact
    ADD CONSTRAINT core_contact_pkey PRIMARY KEY (id);


--
-- Name: core_creator core_creator_pkey; Type: CONSTRAINT; Schema: public; Owner: root
--

ALTER TABLE ONLY public.core_creator
    ADD CONSTRAINT core_creator_pkey PRIMARY KEY (id);


--
-- Name: core_faq core_faq_pkey; Type: CONSTRAINT; Schema: public; Owner: root
--

ALTER TABLE ONLY public.core_faq
    ADD CONSTRAINT core_faq_pkey PRIMARY KEY (id);


--
-- Name: core_mainphotos core_mainphotos_pkey; Type: CONSTRAINT; Schema: public; Owner: root
--

ALTER TABLE ONLY public.core_mainphotos
    ADD CONSTRAINT core_mainphotos_pkey PRIMARY KEY (id);


--
-- Name: core_subscriber core_subscriber_pkey; Type: CONSTRAINT; Schema: public; Owner: root
--

ALTER TABLE ONLY public.core_subscriber
    ADD CONSTRAINT core_subscriber_pkey PRIMARY KEY (id);


--
-- Name: django_admin_log django_admin_log_pkey; Type: CONSTRAINT; Schema: public; Owner: root
--

ALTER TABLE ONLY public.django_admin_log
    ADD CONSTRAINT django_admin_log_pkey PRIMARY KEY (id);


--
-- Name: django_celery_beat_clockedschedule django_celery_beat_clockedschedule_pkey; Type: CONSTRAINT; Schema: public; Owner: root
--

ALTER TABLE ONLY public.django_celery_beat_clockedschedule
    ADD CONSTRAINT django_celery_beat_clockedschedule_pkey PRIMARY KEY (id);


--
-- Name: django_celery_beat_crontabschedule django_celery_beat_crontabschedule_pkey; Type: CONSTRAINT; Schema: public; Owner: root
--

ALTER TABLE ONLY public.django_celery_beat_crontabschedule
    ADD CONSTRAINT django_celery_beat_crontabschedule_pkey PRIMARY KEY (id);


--
-- Name: django_celery_beat_intervalschedule django_celery_beat_intervalschedule_pkey; Type: CONSTRAINT; Schema: public; Owner: root
--

ALTER TABLE ONLY public.django_celery_beat_intervalschedule
    ADD CONSTRAINT django_celery_beat_intervalschedule_pkey PRIMARY KEY (id);


--
-- Name: django_celery_beat_periodictask django_celery_beat_periodictask_name_key; Type: CONSTRAINT; Schema: public; Owner: root
--

ALTER TABLE ONLY public.django_celery_beat_periodictask
    ADD CONSTRAINT django_celery_beat_periodictask_name_key UNIQUE (name);


--
-- Name: django_celery_beat_periodictask django_celery_beat_periodictask_pkey; Type: CONSTRAINT; Schema: public; Owner: root
--

ALTER TABLE ONLY public.django_celery_beat_periodictask
    ADD CONSTRAINT django_celery_beat_periodictask_pkey PRIMARY KEY (id);


--
-- Name: django_celery_beat_periodictasks django_celery_beat_periodictasks_pkey; Type: CONSTRAINT; Schema: public; Owner: root
--

ALTER TABLE ONLY public.django_celery_beat_periodictasks
    ADD CONSTRAINT django_celery_beat_periodictasks_pkey PRIMARY KEY (ident);


--
-- Name: django_celery_beat_solarschedule django_celery_beat_solar_event_latitude_longitude_ba64999a_uniq; Type: CONSTRAINT; Schema: public; Owner: root
--

ALTER TABLE ONLY public.django_celery_beat_solarschedule
    ADD CONSTRAINT django_celery_beat_solar_event_latitude_longitude_ba64999a_uniq UNIQUE (event, latitude, longitude);


--
-- Name: django_celery_beat_solarschedule django_celery_beat_solarschedule_pkey; Type: CONSTRAINT; Schema: public; Owner: root
--

ALTER TABLE ONLY public.django_celery_beat_solarschedule
    ADD CONSTRAINT django_celery_beat_solarschedule_pkey PRIMARY KEY (id);


--
-- Name: django_content_type django_content_type_app_label_model_76bd3d3b_uniq; Type: CONSTRAINT; Schema: public; Owner: root
--

ALTER TABLE ONLY public.django_content_type
    ADD CONSTRAINT django_content_type_app_label_model_76bd3d3b_uniq UNIQUE (app_label, model);


--
-- Name: django_content_type django_content_type_pkey; Type: CONSTRAINT; Schema: public; Owner: root
--

ALTER TABLE ONLY public.django_content_type
    ADD CONSTRAINT django_content_type_pkey PRIMARY KEY (id);


--
-- Name: django_migrations django_migrations_pkey; Type: CONSTRAINT; Schema: public; Owner: root
--

ALTER TABLE ONLY public.django_migrations
    ADD CONSTRAINT django_migrations_pkey PRIMARY KEY (id);


--
-- Name: django_session django_session_pkey; Type: CONSTRAINT; Schema: public; Owner: root
--

ALTER TABLE ONLY public.django_session
    ADD CONSTRAINT django_session_pkey PRIMARY KEY (session_key);


--
-- Name: payment_cart payment_cart_pkey; Type: CONSTRAINT; Schema: public; Owner: root
--

ALTER TABLE ONLY public.payment_cart
    ADD CONSTRAINT payment_cart_pkey PRIMARY KEY (id);


--
-- Name: payment_cart payment_cart_user_id_5464be90_uniq; Type: CONSTRAINT; Schema: public; Owner: root
--

ALTER TABLE ONLY public.payment_cart
    ADD CONSTRAINT payment_cart_user_id_5464be90_uniq UNIQUE (user_id);


--
-- Name: payment_cartitem payment_cartitem_pkey; Type: CONSTRAINT; Schema: public; Owner: root
--

ALTER TABLE ONLY public.payment_cartitem
    ADD CONSTRAINT payment_cartitem_pkey PRIMARY KEY (id);


--
-- Name: payment_orders payment_orders_pkey; Type: CONSTRAINT; Schema: public; Owner: root
--

ALTER TABLE ONLY public.payment_orders
    ADD CONSTRAINT payment_orders_pkey PRIMARY KEY (id);


--
-- Name: product_category product_category_pkey; Type: CONSTRAINT; Schema: public; Owner: root
--

ALTER TABLE ONLY public.product_category
    ADD CONSTRAINT product_category_pkey PRIMARY KEY (id);


--
-- Name: product_color product_color_pkey; Type: CONSTRAINT; Schema: public; Owner: root
--

ALTER TABLE ONLY public.product_color
    ADD CONSTRAINT product_color_pkey PRIMARY KEY (id);


--
-- Name: product_color product_color_title_key; Type: CONSTRAINT; Schema: public; Owner: root
--

ALTER TABLE ONLY public.product_color
    ADD CONSTRAINT product_color_title_key UNIQUE (title);


--
-- Name: product_image product_image_pkey; Type: CONSTRAINT; Schema: public; Owner: root
--

ALTER TABLE ONLY public.product_image
    ADD CONSTRAINT product_image_pkey PRIMARY KEY (id);


--
-- Name: product_option product_option_pkey; Type: CONSTRAINT; Schema: public; Owner: root
--

ALTER TABLE ONLY public.product_option
    ADD CONSTRAINT product_option_pkey PRIMARY KEY (id);


--
-- Name: product_product product_product_pkey; Type: CONSTRAINT; Schema: public; Owner: root
--

ALTER TABLE ONLY public.product_product
    ADD CONSTRAINT product_product_pkey PRIMARY KEY (id);


--
-- Name: product_product product_product_title_az_key; Type: CONSTRAINT; Schema: public; Owner: root
--

ALTER TABLE ONLY public.product_product
    ADD CONSTRAINT product_product_title_az_key UNIQUE (title_az);


--
-- Name: product_product product_product_title_en_key; Type: CONSTRAINT; Schema: public; Owner: root
--

ALTER TABLE ONLY public.product_product
    ADD CONSTRAINT product_product_title_en_key UNIQUE (title_en);


--
-- Name: product_product product_product_title_key; Type: CONSTRAINT; Schema: public; Owner: root
--

ALTER TABLE ONLY public.product_product
    ADD CONSTRAINT product_product_title_key UNIQUE (title);


--
-- Name: product_size product_size_pkey; Type: CONSTRAINT; Schema: public; Owner: root
--

ALTER TABLE ONLY public.product_size
    ADD CONSTRAINT product_size_pkey PRIMARY KEY (id);


--
-- Name: product_size product_size_title_key; Type: CONSTRAINT; Schema: public; Owner: root
--

ALTER TABLE ONLY public.product_size
    ADD CONSTRAINT product_size_title_key UNIQUE (title);


--
-- Name: product_variant product_variant_pkey; Type: CONSTRAINT; Schema: public; Owner: root
--

ALTER TABLE ONLY public.product_variant
    ADD CONSTRAINT product_variant_pkey PRIMARY KEY (id);


--
-- Name: product_variant product_variant_title_az_key; Type: CONSTRAINT; Schema: public; Owner: root
--

ALTER TABLE ONLY public.product_variant
    ADD CONSTRAINT product_variant_title_az_key UNIQUE (title_az);


--
-- Name: product_variant product_variant_title_en_key; Type: CONSTRAINT; Schema: public; Owner: root
--

ALTER TABLE ONLY public.product_variant
    ADD CONSTRAINT product_variant_title_en_key UNIQUE (title_en);


--
-- Name: product_variant product_variant_title_key; Type: CONSTRAINT; Schema: public; Owner: root
--

ALTER TABLE ONLY public.product_variant
    ADD CONSTRAINT product_variant_title_key UNIQUE (title);


--
-- Name: product_vendor product_vendor_pkey; Type: CONSTRAINT; Schema: public; Owner: root
--

ALTER TABLE ONLY public.product_vendor
    ADD CONSTRAINT product_vendor_pkey PRIMARY KEY (id);


--
-- Name: social_auth_association social_auth_association_pkey; Type: CONSTRAINT; Schema: public; Owner: root
--

ALTER TABLE ONLY public.social_auth_association
    ADD CONSTRAINT social_auth_association_pkey PRIMARY KEY (id);


--
-- Name: social_auth_association social_auth_association_server_url_handle_078befa2_uniq; Type: CONSTRAINT; Schema: public; Owner: root
--

ALTER TABLE ONLY public.social_auth_association
    ADD CONSTRAINT social_auth_association_server_url_handle_078befa2_uniq UNIQUE (server_url, handle);


--
-- Name: social_auth_code social_auth_code_email_code_801b2d02_uniq; Type: CONSTRAINT; Schema: public; Owner: root
--

ALTER TABLE ONLY public.social_auth_code
    ADD CONSTRAINT social_auth_code_email_code_801b2d02_uniq UNIQUE (email, code);


--
-- Name: social_auth_code social_auth_code_pkey; Type: CONSTRAINT; Schema: public; Owner: root
--

ALTER TABLE ONLY public.social_auth_code
    ADD CONSTRAINT social_auth_code_pkey PRIMARY KEY (id);


--
-- Name: social_auth_nonce social_auth_nonce_pkey; Type: CONSTRAINT; Schema: public; Owner: root
--

ALTER TABLE ONLY public.social_auth_nonce
    ADD CONSTRAINT social_auth_nonce_pkey PRIMARY KEY (id);


--
-- Name: social_auth_nonce social_auth_nonce_server_url_timestamp_salt_f6284463_uniq; Type: CONSTRAINT; Schema: public; Owner: root
--

ALTER TABLE ONLY public.social_auth_nonce
    ADD CONSTRAINT social_auth_nonce_server_url_timestamp_salt_f6284463_uniq UNIQUE (server_url, "timestamp", salt);


--
-- Name: social_auth_partial social_auth_partial_pkey; Type: CONSTRAINT; Schema: public; Owner: root
--

ALTER TABLE ONLY public.social_auth_partial
    ADD CONSTRAINT social_auth_partial_pkey PRIMARY KEY (id);


--
-- Name: social_auth_usersocialauth social_auth_usersocialauth_pkey; Type: CONSTRAINT; Schema: public; Owner: root
--

ALTER TABLE ONLY public.social_auth_usersocialauth
    ADD CONSTRAINT social_auth_usersocialauth_pkey PRIMARY KEY (id);


--
-- Name: social_auth_usersocialauth social_auth_usersocialauth_provider_uid_e6b5e668_uniq; Type: CONSTRAINT; Schema: public; Owner: root
--

ALTER TABLE ONLY public.social_auth_usersocialauth
    ADD CONSTRAINT social_auth_usersocialauth_provider_uid_e6b5e668_uniq UNIQUE (provider, uid);


--
-- Name: account_profile_user_id_bdd52018; Type: INDEX; Schema: public; Owner: root
--

CREATE INDEX account_profile_user_id_bdd52018 ON public.account_profile USING btree (user_id);


--
-- Name: account_review_user_id_7a6a51f1; Type: INDEX; Schema: public; Owner: root
--

CREATE INDEX account_review_user_id_7a6a51f1 ON public.account_review USING btree (user_id);


--
-- Name: account_review_variant_id_c9fc05eb; Type: INDEX; Schema: public; Owner: root
--

CREATE INDEX account_review_variant_id_c9fc05eb ON public.account_review USING btree (variant_id);


--
-- Name: account_user_email_0bd7c421_like; Type: INDEX; Schema: public; Owner: root
--

CREATE INDEX account_user_email_0bd7c421_like ON public.account_user USING btree (email varchar_pattern_ops);


--
-- Name: account_user_groups_group_id_6c71f749; Type: INDEX; Schema: public; Owner: root
--

CREATE INDEX account_user_groups_group_id_6c71f749 ON public.account_user_groups USING btree (group_id);


--
-- Name: account_user_groups_user_id_14345e7b; Type: INDEX; Schema: public; Owner: root
--

CREATE INDEX account_user_groups_user_id_14345e7b ON public.account_user_groups USING btree (user_id);


--
-- Name: account_user_user_permissions_permission_id_66c44191; Type: INDEX; Schema: public; Owner: root
--

CREATE INDEX account_user_user_permissions_permission_id_66c44191 ON public.account_user_user_permissions USING btree (permission_id);


--
-- Name: account_user_user_permissions_user_id_cc42d270; Type: INDEX; Schema: public; Owner: root
--

CREATE INDEX account_user_user_permissions_user_id_cc42d270 ON public.account_user_user_permissions USING btree (user_id);


--
-- Name: account_user_username_d393f583_like; Type: INDEX; Schema: public; Owner: root
--

CREATE INDEX account_user_username_d393f583_like ON public.account_user USING btree (username varchar_pattern_ops);


--
-- Name: account_wishlist_user_id_764406d0; Type: INDEX; Schema: public; Owner: root
--

CREATE INDEX account_wishlist_user_id_764406d0 ON public.account_wishlist USING btree (user_id);


--
-- Name: account_wishlist_variant_id_e1dfcd6a; Type: INDEX; Schema: public; Owner: root
--

CREATE INDEX account_wishlist_variant_id_e1dfcd6a ON public.account_wishlist USING btree (variant_id);


--
-- Name: auth_group_name_a6ea08ec_like; Type: INDEX; Schema: public; Owner: root
--

CREATE INDEX auth_group_name_a6ea08ec_like ON public.auth_group USING btree (name varchar_pattern_ops);


--
-- Name: auth_group_permissions_group_id_b120cbf9; Type: INDEX; Schema: public; Owner: root
--

CREATE INDEX auth_group_permissions_group_id_b120cbf9 ON public.auth_group_permissions USING btree (group_id);


--
-- Name: auth_group_permissions_permission_id_84c5c92e; Type: INDEX; Schema: public; Owner: root
--

CREATE INDEX auth_group_permissions_permission_id_84c5c92e ON public.auth_group_permissions USING btree (permission_id);


--
-- Name: auth_permission_content_type_id_2f476e4b; Type: INDEX; Schema: public; Owner: root
--

CREATE INDEX auth_permission_content_type_id_2f476e4b ON public.auth_permission USING btree (content_type_id);


--
-- Name: django_admin_log_content_type_id_c4bce8eb; Type: INDEX; Schema: public; Owner: root
--

CREATE INDEX django_admin_log_content_type_id_c4bce8eb ON public.django_admin_log USING btree (content_type_id);


--
-- Name: django_admin_log_user_id_c564eba6; Type: INDEX; Schema: public; Owner: root
--

CREATE INDEX django_admin_log_user_id_c564eba6 ON public.django_admin_log USING btree (user_id);


--
-- Name: django_celery_beat_periodictask_clocked_id_47a69f82; Type: INDEX; Schema: public; Owner: root
--

CREATE INDEX django_celery_beat_periodictask_clocked_id_47a69f82 ON public.django_celery_beat_periodictask USING btree (clocked_id);


--
-- Name: django_celery_beat_periodictask_crontab_id_d3cba168; Type: INDEX; Schema: public; Owner: root
--

CREATE INDEX django_celery_beat_periodictask_crontab_id_d3cba168 ON public.django_celery_beat_periodictask USING btree (crontab_id);


--
-- Name: django_celery_beat_periodictask_interval_id_a8ca27da; Type: INDEX; Schema: public; Owner: root
--

CREATE INDEX django_celery_beat_periodictask_interval_id_a8ca27da ON public.django_celery_beat_periodictask USING btree (interval_id);


--
-- Name: django_celery_beat_periodictask_name_265a36b7_like; Type: INDEX; Schema: public; Owner: root
--

CREATE INDEX django_celery_beat_periodictask_name_265a36b7_like ON public.django_celery_beat_periodictask USING btree (name varchar_pattern_ops);


--
-- Name: django_celery_beat_periodictask_solar_id_a87ce72c; Type: INDEX; Schema: public; Owner: root
--

CREATE INDEX django_celery_beat_periodictask_solar_id_a87ce72c ON public.django_celery_beat_periodictask USING btree (solar_id);


--
-- Name: django_session_expire_date_a5c62663; Type: INDEX; Schema: public; Owner: root
--

CREATE INDEX django_session_expire_date_a5c62663 ON public.django_session USING btree (expire_date);


--
-- Name: django_session_session_key_c0390e0f_like; Type: INDEX; Schema: public; Owner: root
--

CREATE INDEX django_session_session_key_c0390e0f_like ON public.django_session USING btree (session_key varchar_pattern_ops);


--
-- Name: payment_cartitem_cart_id_0fa23530; Type: INDEX; Schema: public; Owner: root
--

CREATE INDEX payment_cartitem_cart_id_0fa23530 ON public.payment_cartitem USING btree (cart_id);


--
-- Name: payment_cartitem_variant_id_0ed0c245; Type: INDEX; Schema: public; Owner: root
--

CREATE INDEX payment_cartitem_variant_id_0ed0c245 ON public.payment_cartitem USING btree (variant_id);


--
-- Name: payment_orders_product_id_8df9c434; Type: INDEX; Schema: public; Owner: root
--

CREATE INDEX payment_orders_product_id_8df9c434 ON public.payment_orders USING btree (product_id);


--
-- Name: product_category_parent_id_f6860923; Type: INDEX; Schema: public; Owner: root
--

CREATE INDEX product_category_parent_id_f6860923 ON public.product_category USING btree (parent_id);


--
-- Name: product_category_slug_e1f8ccc4; Type: INDEX; Schema: public; Owner: root
--

CREATE INDEX product_category_slug_e1f8ccc4 ON public.product_category USING btree (slug);


--
-- Name: product_category_slug_e1f8ccc4_like; Type: INDEX; Schema: public; Owner: root
--

CREATE INDEX product_category_slug_e1f8ccc4_like ON public.product_category USING btree (slug varchar_pattern_ops);


--
-- Name: product_category_tree_id_f3c46461; Type: INDEX; Schema: public; Owner: root
--

CREATE INDEX product_category_tree_id_f3c46461 ON public.product_category USING btree (tree_id);


--
-- Name: product_color_title_98857431_like; Type: INDEX; Schema: public; Owner: root
--

CREATE INDEX product_color_title_98857431_like ON public.product_color USING btree (title varchar_pattern_ops);


--
-- Name: product_image_variant_id_c953df43; Type: INDEX; Schema: public; Owner: root
--

CREATE INDEX product_image_variant_id_c953df43 ON public.product_image USING btree (variant_id);


--
-- Name: product_option_size_id_66d929d3; Type: INDEX; Schema: public; Owner: root
--

CREATE INDEX product_option_size_id_66d929d3 ON public.product_option USING btree (size_id);


--
-- Name: product_option_variant_id_e26ad1f4; Type: INDEX; Schema: public; Owner: root
--

CREATE INDEX product_option_variant_id_e26ad1f4 ON public.product_option USING btree (variant_id);


--
-- Name: product_product_category_id_0c725779; Type: INDEX; Schema: public; Owner: root
--

CREATE INDEX product_product_category_id_0c725779 ON public.product_product USING btree (category_id);


--
-- Name: product_product_slug_76cde0ae; Type: INDEX; Schema: public; Owner: root
--

CREATE INDEX product_product_slug_76cde0ae ON public.product_product USING btree (slug);


--
-- Name: product_product_slug_76cde0ae_like; Type: INDEX; Schema: public; Owner: root
--

CREATE INDEX product_product_slug_76cde0ae_like ON public.product_product USING btree (slug varchar_pattern_ops);


--
-- Name: product_product_title_0434d32d_like; Type: INDEX; Schema: public; Owner: root
--

CREATE INDEX product_product_title_0434d32d_like ON public.product_product USING btree (title varchar_pattern_ops);


--
-- Name: product_product_title_az_c5e0dd80_like; Type: INDEX; Schema: public; Owner: root
--

CREATE INDEX product_product_title_az_c5e0dd80_like ON public.product_product USING btree (title_az varchar_pattern_ops);


--
-- Name: product_product_title_en_531b1241_like; Type: INDEX; Schema: public; Owner: root
--

CREATE INDEX product_product_title_en_531b1241_like ON public.product_product USING btree (title_en varchar_pattern_ops);


--
-- Name: product_product_vendor_id_49ed2699; Type: INDEX; Schema: public; Owner: root
--

CREATE INDEX product_product_vendor_id_49ed2699 ON public.product_product USING btree (vendor_id);


--
-- Name: product_size_title_1fc091e9_like; Type: INDEX; Schema: public; Owner: root
--

CREATE INDEX product_size_title_1fc091e9_like ON public.product_size USING btree (title varchar_pattern_ops);


--
-- Name: product_variant_color_id_b2b029e3; Type: INDEX; Schema: public; Owner: root
--

CREATE INDEX product_variant_color_id_b2b029e3 ON public.product_variant USING btree (color_id);


--
-- Name: product_variant_product_id_31eca93d; Type: INDEX; Schema: public; Owner: root
--

CREATE INDEX product_variant_product_id_31eca93d ON public.product_variant USING btree (product_id);


--
-- Name: product_variant_slug_b74e2a2f; Type: INDEX; Schema: public; Owner: root
--

CREATE INDEX product_variant_slug_b74e2a2f ON public.product_variant USING btree (slug);


--
-- Name: product_variant_slug_b74e2a2f_like; Type: INDEX; Schema: public; Owner: root
--

CREATE INDEX product_variant_slug_b74e2a2f_like ON public.product_variant USING btree (slug varchar_pattern_ops);


--
-- Name: product_variant_title_3e7a4267_like; Type: INDEX; Schema: public; Owner: root
--

CREATE INDEX product_variant_title_3e7a4267_like ON public.product_variant USING btree (title varchar_pattern_ops);


--
-- Name: product_variant_title_az_e4b03c62_like; Type: INDEX; Schema: public; Owner: root
--

CREATE INDEX product_variant_title_az_e4b03c62_like ON public.product_variant USING btree (title_az varchar_pattern_ops);


--
-- Name: product_variant_title_en_11881c97_like; Type: INDEX; Schema: public; Owner: root
--

CREATE INDEX product_variant_title_en_11881c97_like ON public.product_variant USING btree (title_en varchar_pattern_ops);


--
-- Name: social_auth_code_code_a2393167; Type: INDEX; Schema: public; Owner: root
--

CREATE INDEX social_auth_code_code_a2393167 ON public.social_auth_code USING btree (code);


--
-- Name: social_auth_code_code_a2393167_like; Type: INDEX; Schema: public; Owner: root
--

CREATE INDEX social_auth_code_code_a2393167_like ON public.social_auth_code USING btree (code varchar_pattern_ops);


--
-- Name: social_auth_code_timestamp_176b341f; Type: INDEX; Schema: public; Owner: root
--

CREATE INDEX social_auth_code_timestamp_176b341f ON public.social_auth_code USING btree ("timestamp");


--
-- Name: social_auth_partial_timestamp_50f2119f; Type: INDEX; Schema: public; Owner: root
--

CREATE INDEX social_auth_partial_timestamp_50f2119f ON public.social_auth_partial USING btree ("timestamp");


--
-- Name: social_auth_partial_token_3017fea3; Type: INDEX; Schema: public; Owner: root
--

CREATE INDEX social_auth_partial_token_3017fea3 ON public.social_auth_partial USING btree (token);


--
-- Name: social_auth_partial_token_3017fea3_like; Type: INDEX; Schema: public; Owner: root
--

CREATE INDEX social_auth_partial_token_3017fea3_like ON public.social_auth_partial USING btree (token varchar_pattern_ops);


--
-- Name: social_auth_usersocialauth_uid_796e51dc; Type: INDEX; Schema: public; Owner: root
--

CREATE INDEX social_auth_usersocialauth_uid_796e51dc ON public.social_auth_usersocialauth USING btree (uid);


--
-- Name: social_auth_usersocialauth_uid_796e51dc_like; Type: INDEX; Schema: public; Owner: root
--

CREATE INDEX social_auth_usersocialauth_uid_796e51dc_like ON public.social_auth_usersocialauth USING btree (uid varchar_pattern_ops);


--
-- Name: social_auth_usersocialauth_user_id_17d28448; Type: INDEX; Schema: public; Owner: root
--

CREATE INDEX social_auth_usersocialauth_user_id_17d28448 ON public.social_auth_usersocialauth USING btree (user_id);


--
-- Name: account_profile account_profile_user_id_bdd52018_fk_account_user_id; Type: FK CONSTRAINT; Schema: public; Owner: root
--

ALTER TABLE ONLY public.account_profile
    ADD CONSTRAINT account_profile_user_id_bdd52018_fk_account_user_id FOREIGN KEY (user_id) REFERENCES public.account_user(id) DEFERRABLE INITIALLY DEFERRED;


--
-- Name: account_review account_review_user_id_7a6a51f1_fk_account_user_id; Type: FK CONSTRAINT; Schema: public; Owner: root
--

ALTER TABLE ONLY public.account_review
    ADD CONSTRAINT account_review_user_id_7a6a51f1_fk_account_user_id FOREIGN KEY (user_id) REFERENCES public.account_user(id) DEFERRABLE INITIALLY DEFERRED;


--
-- Name: account_review account_review_variant_id_c9fc05eb_fk_product_variant_id; Type: FK CONSTRAINT; Schema: public; Owner: root
--

ALTER TABLE ONLY public.account_review
    ADD CONSTRAINT account_review_variant_id_c9fc05eb_fk_product_variant_id FOREIGN KEY (variant_id) REFERENCES public.product_variant(id) DEFERRABLE INITIALLY DEFERRED;


--
-- Name: account_user_groups account_user_groups_group_id_6c71f749_fk_auth_group_id; Type: FK CONSTRAINT; Schema: public; Owner: root
--

ALTER TABLE ONLY public.account_user_groups
    ADD CONSTRAINT account_user_groups_group_id_6c71f749_fk_auth_group_id FOREIGN KEY (group_id) REFERENCES public.auth_group(id) DEFERRABLE INITIALLY DEFERRED;


--
-- Name: account_user_groups account_user_groups_user_id_14345e7b_fk_account_user_id; Type: FK CONSTRAINT; Schema: public; Owner: root
--

ALTER TABLE ONLY public.account_user_groups
    ADD CONSTRAINT account_user_groups_user_id_14345e7b_fk_account_user_id FOREIGN KEY (user_id) REFERENCES public.account_user(id) DEFERRABLE INITIALLY DEFERRED;


--
-- Name: account_user_user_permissions account_user_user_pe_permission_id_66c44191_fk_auth_perm; Type: FK CONSTRAINT; Schema: public; Owner: root
--

ALTER TABLE ONLY public.account_user_user_permissions
    ADD CONSTRAINT account_user_user_pe_permission_id_66c44191_fk_auth_perm FOREIGN KEY (permission_id) REFERENCES public.auth_permission(id) DEFERRABLE INITIALLY DEFERRED;


--
-- Name: account_user_user_permissions account_user_user_pe_user_id_cc42d270_fk_account_u; Type: FK CONSTRAINT; Schema: public; Owner: root
--

ALTER TABLE ONLY public.account_user_user_permissions
    ADD CONSTRAINT account_user_user_pe_user_id_cc42d270_fk_account_u FOREIGN KEY (user_id) REFERENCES public.account_user(id) DEFERRABLE INITIALLY DEFERRED;


--
-- Name: account_wishlist account_wishlist_user_id_764406d0_fk_account_user_id; Type: FK CONSTRAINT; Schema: public; Owner: root
--

ALTER TABLE ONLY public.account_wishlist
    ADD CONSTRAINT account_wishlist_user_id_764406d0_fk_account_user_id FOREIGN KEY (user_id) REFERENCES public.account_user(id) DEFERRABLE INITIALLY DEFERRED;


--
-- Name: account_wishlist account_wishlist_variant_id_e1dfcd6a_fk_product_variant_id; Type: FK CONSTRAINT; Schema: public; Owner: root
--

ALTER TABLE ONLY public.account_wishlist
    ADD CONSTRAINT account_wishlist_variant_id_e1dfcd6a_fk_product_variant_id FOREIGN KEY (variant_id) REFERENCES public.product_variant(id) DEFERRABLE INITIALLY DEFERRED;


--
-- Name: auth_group_permissions auth_group_permissio_permission_id_84c5c92e_fk_auth_perm; Type: FK CONSTRAINT; Schema: public; Owner: root
--

ALTER TABLE ONLY public.auth_group_permissions
    ADD CONSTRAINT auth_group_permissio_permission_id_84c5c92e_fk_auth_perm FOREIGN KEY (permission_id) REFERENCES public.auth_permission(id) DEFERRABLE INITIALLY DEFERRED;


--
-- Name: auth_group_permissions auth_group_permissions_group_id_b120cbf9_fk_auth_group_id; Type: FK CONSTRAINT; Schema: public; Owner: root
--

ALTER TABLE ONLY public.auth_group_permissions
    ADD CONSTRAINT auth_group_permissions_group_id_b120cbf9_fk_auth_group_id FOREIGN KEY (group_id) REFERENCES public.auth_group(id) DEFERRABLE INITIALLY DEFERRED;


--
-- Name: auth_permission auth_permission_content_type_id_2f476e4b_fk_django_co; Type: FK CONSTRAINT; Schema: public; Owner: root
--

ALTER TABLE ONLY public.auth_permission
    ADD CONSTRAINT auth_permission_content_type_id_2f476e4b_fk_django_co FOREIGN KEY (content_type_id) REFERENCES public.django_content_type(id) DEFERRABLE INITIALLY DEFERRED;


--
-- Name: django_admin_log django_admin_log_content_type_id_c4bce8eb_fk_django_co; Type: FK CONSTRAINT; Schema: public; Owner: root
--

ALTER TABLE ONLY public.django_admin_log
    ADD CONSTRAINT django_admin_log_content_type_id_c4bce8eb_fk_django_co FOREIGN KEY (content_type_id) REFERENCES public.django_content_type(id) DEFERRABLE INITIALLY DEFERRED;


--
-- Name: django_admin_log django_admin_log_user_id_c564eba6_fk_account_user_id; Type: FK CONSTRAINT; Schema: public; Owner: root
--

ALTER TABLE ONLY public.django_admin_log
    ADD CONSTRAINT django_admin_log_user_id_c564eba6_fk_account_user_id FOREIGN KEY (user_id) REFERENCES public.account_user(id) DEFERRABLE INITIALLY DEFERRED;


--
-- Name: django_celery_beat_periodictask django_celery_beat_p_clocked_id_47a69f82_fk_django_ce; Type: FK CONSTRAINT; Schema: public; Owner: root
--

ALTER TABLE ONLY public.django_celery_beat_periodictask
    ADD CONSTRAINT django_celery_beat_p_clocked_id_47a69f82_fk_django_ce FOREIGN KEY (clocked_id) REFERENCES public.django_celery_beat_clockedschedule(id) DEFERRABLE INITIALLY DEFERRED;


--
-- Name: django_celery_beat_periodictask django_celery_beat_p_crontab_id_d3cba168_fk_django_ce; Type: FK CONSTRAINT; Schema: public; Owner: root
--

ALTER TABLE ONLY public.django_celery_beat_periodictask
    ADD CONSTRAINT django_celery_beat_p_crontab_id_d3cba168_fk_django_ce FOREIGN KEY (crontab_id) REFERENCES public.django_celery_beat_crontabschedule(id) DEFERRABLE INITIALLY DEFERRED;


--
-- Name: django_celery_beat_periodictask django_celery_beat_p_interval_id_a8ca27da_fk_django_ce; Type: FK CONSTRAINT; Schema: public; Owner: root
--

ALTER TABLE ONLY public.django_celery_beat_periodictask
    ADD CONSTRAINT django_celery_beat_p_interval_id_a8ca27da_fk_django_ce FOREIGN KEY (interval_id) REFERENCES public.django_celery_beat_intervalschedule(id) DEFERRABLE INITIALLY DEFERRED;


--
-- Name: django_celery_beat_periodictask django_celery_beat_p_solar_id_a87ce72c_fk_django_ce; Type: FK CONSTRAINT; Schema: public; Owner: root
--

ALTER TABLE ONLY public.django_celery_beat_periodictask
    ADD CONSTRAINT django_celery_beat_p_solar_id_a87ce72c_fk_django_ce FOREIGN KEY (solar_id) REFERENCES public.django_celery_beat_solarschedule(id) DEFERRABLE INITIALLY DEFERRED;


--
-- Name: payment_cart payment_cart_user_id_5464be90_fk_account_user_id; Type: FK CONSTRAINT; Schema: public; Owner: root
--

ALTER TABLE ONLY public.payment_cart
    ADD CONSTRAINT payment_cart_user_id_5464be90_fk_account_user_id FOREIGN KEY (user_id) REFERENCES public.account_user(id) DEFERRABLE INITIALLY DEFERRED;


--
-- Name: payment_cartitem payment_cartitem_cart_id_0fa23530_fk_payment_cart_id; Type: FK CONSTRAINT; Schema: public; Owner: root
--

ALTER TABLE ONLY public.payment_cartitem
    ADD CONSTRAINT payment_cartitem_cart_id_0fa23530_fk_payment_cart_id FOREIGN KEY (cart_id) REFERENCES public.payment_cart(id) DEFERRABLE INITIALLY DEFERRED;


--
-- Name: payment_cartitem payment_cartitem_variant_id_0ed0c245_fk_product_variant_id; Type: FK CONSTRAINT; Schema: public; Owner: root
--

ALTER TABLE ONLY public.payment_cartitem
    ADD CONSTRAINT payment_cartitem_variant_id_0ed0c245_fk_product_variant_id FOREIGN KEY (variant_id) REFERENCES public.product_variant(id) DEFERRABLE INITIALLY DEFERRED;


--
-- Name: payment_orders payment_orders_product_id_8df9c434_fk_product_variant_id; Type: FK CONSTRAINT; Schema: public; Owner: root
--

ALTER TABLE ONLY public.payment_orders
    ADD CONSTRAINT payment_orders_product_id_8df9c434_fk_product_variant_id FOREIGN KEY (product_id) REFERENCES public.product_variant(id) DEFERRABLE INITIALLY DEFERRED;


--
-- Name: product_category product_category_parent_id_f6860923_fk_product_category_id; Type: FK CONSTRAINT; Schema: public; Owner: root
--

ALTER TABLE ONLY public.product_category
    ADD CONSTRAINT product_category_parent_id_f6860923_fk_product_category_id FOREIGN KEY (parent_id) REFERENCES public.product_category(id) DEFERRABLE INITIALLY DEFERRED;


--
-- Name: product_image product_image_variant_id_c953df43_fk_product_variant_id; Type: FK CONSTRAINT; Schema: public; Owner: root
--

ALTER TABLE ONLY public.product_image
    ADD CONSTRAINT product_image_variant_id_c953df43_fk_product_variant_id FOREIGN KEY (variant_id) REFERENCES public.product_variant(id) DEFERRABLE INITIALLY DEFERRED;


--
-- Name: product_option product_option_size_id_66d929d3_fk_product_size_id; Type: FK CONSTRAINT; Schema: public; Owner: root
--

ALTER TABLE ONLY public.product_option
    ADD CONSTRAINT product_option_size_id_66d929d3_fk_product_size_id FOREIGN KEY (size_id) REFERENCES public.product_size(id) DEFERRABLE INITIALLY DEFERRED;


--
-- Name: product_option product_option_variant_id_e26ad1f4_fk_product_variant_id; Type: FK CONSTRAINT; Schema: public; Owner: root
--

ALTER TABLE ONLY public.product_option
    ADD CONSTRAINT product_option_variant_id_e26ad1f4_fk_product_variant_id FOREIGN KEY (variant_id) REFERENCES public.product_variant(id) DEFERRABLE INITIALLY DEFERRED;


--
-- Name: product_product product_product_category_id_0c725779_fk_product_category_id; Type: FK CONSTRAINT; Schema: public; Owner: root
--

ALTER TABLE ONLY public.product_product
    ADD CONSTRAINT product_product_category_id_0c725779_fk_product_category_id FOREIGN KEY (category_id) REFERENCES public.product_category(id) DEFERRABLE INITIALLY DEFERRED;


--
-- Name: product_product product_product_vendor_id_49ed2699_fk_product_vendor_id; Type: FK CONSTRAINT; Schema: public; Owner: root
--

ALTER TABLE ONLY public.product_product
    ADD CONSTRAINT product_product_vendor_id_49ed2699_fk_product_vendor_id FOREIGN KEY (vendor_id) REFERENCES public.product_vendor(id) DEFERRABLE INITIALLY DEFERRED;


--
-- Name: product_variant product_variant_color_id_b2b029e3_fk_product_color_id; Type: FK CONSTRAINT; Schema: public; Owner: root
--

ALTER TABLE ONLY public.product_variant
    ADD CONSTRAINT product_variant_color_id_b2b029e3_fk_product_color_id FOREIGN KEY (color_id) REFERENCES public.product_color(id) DEFERRABLE INITIALLY DEFERRED;


--
-- Name: product_variant product_variant_product_id_31eca93d_fk_product_product_id; Type: FK CONSTRAINT; Schema: public; Owner: root
--

ALTER TABLE ONLY public.product_variant
    ADD CONSTRAINT product_variant_product_id_31eca93d_fk_product_product_id FOREIGN KEY (product_id) REFERENCES public.product_product(id) DEFERRABLE INITIALLY DEFERRED;


--
-- Name: social_auth_usersocialauth social_auth_usersocialauth_user_id_17d28448_fk_account_user_id; Type: FK CONSTRAINT; Schema: public; Owner: root
--

ALTER TABLE ONLY public.social_auth_usersocialauth
    ADD CONSTRAINT social_auth_usersocialauth_user_id_17d28448_fk_account_user_id FOREIGN KEY (user_id) REFERENCES public.account_user(id) DEFERRABLE INITIALLY DEFERRED;


--
-- PostgreSQL database dump complete
--

