[{"model": "product.category", "pk": 1, "fields": {"created_at": "2023-08-04T00:06:54.381Z", "updated_at": "2023-08-04T00:06:54.381Z", "name": "Clothing", "image": "", "parent": null}}, {"model": "product.category", "pk": 2, "fields": {"created_at": "2023-08-04T00:06:54.416Z", "updated_at": "2023-08-04T00:06:54.416Z", "name": "Bags", "image": "", "parent": null}}, {"model": "product.category", "pk": 3, "fields": {"created_at": "2023-08-04T00:06:54.438Z", "updated_at": "2023-08-04T00:06:54.438Z", "name": "Footwear", "image": "", "parent": null}}, {"model": "product.category", "pk": 4, "fields": {"created_at": "2023-08-04T00:06:54.449Z", "updated_at": "2023-08-04T00:06:54.449Z", "name": "Watches", "image": "", "parent": null}}, {"model": "product.category", "pk": 5, "fields": {"created_at": "2023-08-04T00:06:54.460Z", "updated_at": "2023-08-04T00:06:54.460Z", "name": "House of Design", "image": "", "parent": null}}, {"model": "product.category", "pk": 6, "fields": {"created_at": "2023-08-04T00:06:54.471Z", "updated_at": "2023-08-04T00:06:54.471Z", "name": "Beauty & Personal care", "image": "", "parent": null}}, {"model": "product.category", "pk": 7, "fields": {"created_at": "2023-08-04T00:06:54.482Z", "updated_at": "2023-08-04T00:06:54.482Z", "name": "Home & Decor", "image": "", "parent": null}}, {"model": "product.category", "pk": 8, "fields": {"created_at": "2023-08-04T00:06:54.493Z", "updated_at": "2023-08-04T00:06:54.493Z", "name": "Kitchen", "image": "", "parent": null}}, {"model": "product.category", "pk": 9, "fields": {"created_at": "2023-08-04T00:06:54.504Z", "updated_at": "2023-08-04T00:06:54.505Z", "name": "Women's fashion", "image": "", "parent": 1}}, {"model": "product.category", "pk": 10, "fields": {"created_at": "2023-08-04T00:06:54.516Z", "updated_at": "2023-08-04T00:06:54.516Z", "name": "Men's fashion", "image": "", "parent": 1}}, {"model": "product.category", "pk": 11, "fields": {"created_at": "2023-08-04T00:06:54.527Z", "updated_at": "2023-08-04T00:06:54.527Z", "name": "Accessories", "image": "", "parent": 1}}, {"model": "product.category", "pk": 12, "fields": {"created_at": "2023-08-04T00:06:54.538Z", "updated_at": "2023-08-04T00:06:54.538Z", "name": "Dresses", "image": "", "parent": 9}}, {"model": "product.category", "pk": 13, "fields": {"created_at": "2023-08-04T00:06:54.549Z", "updated_at": "2023-08-04T00:06:54.549Z", "name": "Skirts", "image": "", "parent": 9}}, {"model": "product.category", "pk": 14, "fields": {"created_at": "2023-08-04T00:06:54.560Z", "updated_at": "2023-08-04T00:06:54.560Z", "name": "Westarn wear", "image": "", "parent": 9}}, {"model": "product.category", "pk": 15, "fields": {"created_at": "2023-08-04T00:06:54.571Z", "updated_at": "2023-08-04T00:06:54.571Z", "name": "Ethic wear", "image": "", "parent": 9}}, {"model": "product.category", "pk": 16, "fields": {"created_at": "2023-08-04T00:06:54.582Z", "updated_at": "2023-08-04T00:06:54.583Z", "name": "Sport wear", "image": "", "parent": 9}}, {"model": "product.category", "pk": 17, "fields": {"created_at": "2023-08-04T00:06:54.593Z", "updated_at": "2023-08-04T00:06:54.594Z", "name": "Sport wear", "image": "", "parent": 10}}, {"model": "product.category", "pk": 18, "fields": {"created_at": "2023-08-04T00:06:54.605Z", "updated_at": "2023-08-04T00:06:54.605Z", "name": "Westarn wear", "image": "", "parent": 10}}, {"model": "product.category", "pk": 19, "fields": {"created_at": "2023-08-04T00:06:54.616Z", "updated_at": "2023-08-04T00:06:54.616Z", "name": "Ethic wear", "image": "", "parent": 10}}, {"model": "product.category", "pk": 20, "fields": {"created_at": "2023-08-04T00:06:54.627Z", "updated_at": "2023-08-04T00:06:54.627Z", "name": "Fashion jewellery", "image": "", "parent": 11}}, {"model": "product.category", "pk": 21, "fields": {"created_at": "2023-08-04T00:06:54.638Z", "updated_at": "2023-08-04T00:06:54.638Z", "name": "Caps and hats", "image": "", "parent": 11}}, {"model": "product.category", "pk": 22, "fields": {"created_at": "2023-08-04T00:06:54.649Z", "updated_at": "2023-08-04T00:06:54.649Z", "name": "Precious jawellery", "image": "", "parent": 11}}, {"model": "product.category", "pk": 23, "fields": {"created_at": "2023-08-04T00:06:54.660Z", "updated_at": "2023-08-04T00:06:54.660Z", "name": "Necklaces", "image": "", "parent": 11}}, {"model": "product.category", "pk": 24, "fields": {"created_at": "2023-08-04T00:06:54.671Z", "updated_at": "2023-08-04T00:06:54.671Z", "name": "Earings", "image": "", "parent": 11}}, {"model": "product.category", "pk": 25, "fields": {"created_at": "2023-08-04T00:06:54.682Z", "updated_at": "2023-08-04T00:06:54.683Z", "name": "Wrist wear", "image": "", "parent": 11}}, {"model": "product.category", "pk": 26, "fields": {"created_at": "2023-08-04T00:06:54.693Z", "updated_at": "2023-08-04T00:06:54.694Z", "name": "Ties", "image": "", "parent": 11}}, {"model": "product.category", "pk": 27, "fields": {"created_at": "2023-08-04T00:06:54.705Z", "updated_at": "2023-08-04T00:06:54.705Z", "name": "Cufflinks", "image": "", "parent": 11}}, {"model": "product.category", "pk": 28, "fields": {"created_at": "2023-08-04T00:06:54.716Z", "updated_at": "2023-08-04T00:06:54.716Z", "name": "Pockets squares", "image": "", "parent": 11}}, {"model": "product.category", "pk": 29, "fields": {"created_at": "2023-08-04T00:06:54.727Z", "updated_at": "2023-08-04T00:06:54.727Z", "name": "Phone Cases", "image": "", "parent": 11}}, {"model": "product.category", "pk": 30, "fields": {"created_at": "2023-08-04T00:06:54.738Z", "updated_at": "2023-08-04T00:06:54.738Z", "name": "Shopper bags", "image": "", "parent": 2}}, {"model": "product.category", "pk": 31, "fields": {"created_at": "2023-08-04T00:06:54.749Z", "updated_at": "2023-08-04T00:06:54.749Z", "name": "Laptop bags", "image": "", "parent": 2}}, {"model": "product.category", "pk": 32, "fields": {"created_at": "2023-08-04T00:06:54.760Z", "updated_at": "2023-08-04T00:06:54.760Z", "name": "Clutches", "image": "", "parent": 2}}, {"model": "product.category", "pk": 33, "fields": {"created_at": "2023-08-04T00:06:54.771Z", "updated_at": "2023-08-04T00:06:54.771Z", "name": "Purses", "image": "", "parent": 2}}, {"model": "product.category", "pk": 34, "fields": {"created_at": "2023-08-04T00:06:54.782Z", "updated_at": "2023-08-04T00:06:54.782Z", "name": "Purses", "image": "", "parent": 33}}, {"model": "product.category", "pk": 35, "fields": {"created_at": "2023-08-04T00:06:54.793Z", "updated_at": "2023-08-04T00:06:54.793Z", "name": "Wallets", "image": "", "parent": 33}}, {"model": "product.category", "pk": 36, "fields": {"created_at": "2023-08-04T00:06:54.804Z", "updated_at": "2023-08-04T00:06:54.805Z", "name": "Leathers", "image": "", "parent": 33}}, {"model": "product.category", "pk": 37, "fields": {"created_at": "2023-08-04T00:06:54.816Z", "updated_at": "2023-08-04T00:06:54.816Z", "name": "Satchels", "image": "", "parent": 33}}, {"model": "product.category", "pk": 38, "fields": {"created_at": "2023-08-04T00:06:54.827Z", "updated_at": "2023-08-04T00:06:54.827Z", "name": "Sport shoes", "image": "", "parent": 3}}, {"model": "product.category", "pk": 39, "fields": {"created_at": "2023-08-04T00:06:54.838Z", "updated_at": "2023-08-04T00:06:54.838Z", "name": "Formal shoes", "image": "", "parent": 3}}, {"model": "product.category", "pk": 40, "fields": {"created_at": "2023-08-04T00:06:54.849Z", "updated_at": "2023-08-04T00:06:54.849Z", "name": "Casual shoes", "image": "", "parent": 3}}, {"model": "product.category", "pk": 41, "fields": {"created_at": "2023-08-04T00:06:54.860Z", "updated_at": "2023-08-04T00:06:54.860Z", "name": "Makeup", "image": "", "parent": 6}}, {"model": "product.category", "pk": 42, "fields": {"created_at": "2023-08-04T00:06:54.871Z", "updated_at": "2023-08-04T00:06:54.871Z", "name": "Skincare", "image": "", "parent": 6}}, {"model": "product.category", "pk": 43, "fields": {"created_at": "2023-08-04T00:06:54.882Z", "updated_at": "2023-08-04T00:06:54.883Z", "name": "Premium beauty", "image": "", "parent": 6}}, {"model": "product.category", "pk": 44, "fields": {"created_at": "2023-08-04T00:06:54.894Z", "updated_at": "2023-08-04T00:06:54.894Z", "name": "More", "image": "", "parent": 6}}, {"model": "product.category", "pk": 45, "fields": {"created_at": "2023-08-04T00:06:54.905Z", "updated_at": "2023-08-04T00:06:54.905Z", "name": "Fragrances", "image": "", "parent": 44}}, {"model": "product.category", "pk": 46, "fields": {"created_at": "2023-08-04T00:06:54.916Z", "updated_at": "2023-08-04T00:06:54.916Z", "name": "Luxury beauty", "image": "", "parent": 44}}, {"model": "product.category", "pk": 47, "fields": {"created_at": "2023-08-04T00:06:54.927Z", "updated_at": "2023-08-04T00:06:54.927Z", "name": "Hair care", "image": "", "parent": 44}}, {"model": "product.category", "pk": 48, "fields": {"created_at": "2023-08-04T00:06:54.938Z", "updated_at": "2023-08-04T00:06:54.938Z", "name": "Tools & brushes", "image": "", "parent": 44}}, {"model": "product.product", "pk": 1, "fields": {"created_at": "2023-08-04T00:11:51.364Z", "updated_at": "2023-08-04T00:11:51.373Z", "title": "Classic Polo", "product_detail": "100 % Cotton", "desc": "Polo Brend", "video": "https://www.youtube.com/watch?v=EsQkm-aPXdc", "category": 10, "vendor": 1, "slug": "classic-polo"}}, {"model": "product.product", "pk": 2, "fields": {"created_at": "2023-08-08T13:25:58.631Z", "updated_at": "2023-08-08T13:25:58.640Z", "title": "Zara T-Shirt", "product_detail": "70 %  Cotton", "desc": "ZARA", "video": "https://www.youtube.com/watch?v=EsQkm-aPXdc", "category": 10, "vendor": 2, "slug": "zara-t-shirt"}}, {"model": "product.product", "pk": 3, "fields": {"created_at": "2023-08-09T11:17:00.168Z", "updated_at": "2023-08-09T11:17:00.179Z", "title": "Pull&Bear Casual Men Shoes", "product_detail": "Original Skin", "desc": "Pull&Bear Brend", "video": "https://www.youtube.com/watch?v=cK5kFkOl3pc&list=RDcK5kFkOl3pc&start_radio=1", "category": 3, "vendor": 3, "slug": "pullbear-casual-men-shoes"}}, {"model": "product.product", "pk": 4, "fields": {"created_at": "2023-08-09T11:20:02.191Z", "updated_at": "2023-08-09T11:20:02.202Z", "title": "Pull&Bear Classic Men Shoes", "product_detail": "Non Info", "desc": "Pull&Bear Brend", "video": "https://www.youtube.com/watch?v=EsQkm-aPXdc", "category": 3, "vendor": 3, "slug": "pullbear-classic-men-shoes"}}, {"model": "product.property", "pk": 1, "fields": {"created_at": "2023-08-04T00:17:19.034Z", "updated_at": "2023-08-04T00:17:19.035Z", "property": "Color"}}, {"model": "product.property", "pk": 2, "fields": {"created_at": "2023-08-04T00:18:19.849Z", "updated_at": "2023-08-04T00:18:19.849Z", "property": "Size"}}, {"model": "product.propertyvalue", "pk": 1, "fields": {"created_at": "2023-08-04T00:17:22.283Z", "updated_at": "2023-08-04T00:17:22.287Z", "values": "Blue", "property": 1}}, {"model": "product.propertyvalue", "pk": 2, "fields": {"created_at": "2023-08-04T00:17:27.505Z", "updated_at": "2023-08-04T00:17:27.509Z", "values": "Red", "property": 1}}, {"model": "product.propertyvalue", "pk": 3, "fields": {"created_at": "2023-08-04T00:17:36.741Z", "updated_at": "2023-08-04T00:17:36.745Z", "values": "Black", "property": 1}}, {"model": "product.propertyvalue", "pk": 4, "fields": {"created_at": "2023-08-04T00:17:44.539Z", "updated_at": "2023-08-04T00:17:44.543Z", "values": "White", "property": 1}}, {"model": "product.propertyvalue", "pk": 5, "fields": {"created_at": "2023-08-04T00:17:53.712Z", "updated_at": "2023-08-04T00:17:53.715Z", "values": "Yellow", "property": 1}}, {"model": "product.propertyvalue", "pk": 6, "fields": {"created_at": "2023-08-04T00:18:06.762Z", "updated_at": "2023-08-04T00:18:06.766Z", "values": "Green", "property": 1}}, {"model": "product.propertyvalue", "pk": 7, "fields": {"created_at": "2023-08-04T00:18:14.092Z", "updated_at": "2023-08-04T00:18:14.096Z", "values": "Multi", "property": 1}}, {"model": "product.propertyvalue", "pk": 8, "fields": {"created_at": "2023-08-04T00:18:26.899Z", "updated_at": "2023-08-04T00:18:26.902Z", "values": "XS", "property": 2}}, {"model": "product.propertyvalue", "pk": 9, "fields": {"created_at": "2023-08-04T00:18:32.223Z", "updated_at": "2023-08-04T00:18:32.227Z", "values": "S", "property": 2}}, {"model": "product.propertyvalue", "pk": 10, "fields": {"created_at": "2023-08-04T00:18:37.307Z", "updated_at": "2023-08-04T00:18:37.311Z", "values": "M", "property": 2}}, {"model": "product.propertyvalue", "pk": 11, "fields": {"created_at": "2023-08-04T00:18:52.383Z", "updated_at": "2023-08-04T00:18:52.386Z", "values": "L", "property": 2}}, {"model": "product.variant", "pk": 1, "fields": {"created_at": "2023-08-04T00:13:32.465Z", "updated_at": "2023-08-09T11:49:30.873Z", "title": "Polo Classic Blue", "product": 1, "price": 100.0, "discount_type": "AMOUNT", "discount_amount": 25, "actual_price": 75.0, "discount_time": "2023-08-09T11:48:36Z", "general_stock": null, "new_status": false, "slug": "polo-classic-blue"}}, {"model": "product.variant", "pk": 2, "fields": {"created_at": "2023-08-04T00:14:04.307Z", "updated_at": "2023-08-05T01:12:33.171Z", "title": "Polo Classic Red", "product": 1, "price": 100.0, "discount_type": null, "discount_amount": null, "actual_price": 100.0, "discount_time": null, "general_stock": null, "new_status": false, "slug": "polo-classic-red"}}, {"model": "product.variant", "pk": 3, "fields": {"created_at": "2023-08-08T13:27:46.746Z", "updated_at": "2023-08-09T12:16:13.326Z", "title": "Zara T-Shirt Stone", "product": 2, "price": 150.0, "discount_type": "PRECENT", "discount_amount": 50, "actual_price": 75.0, "discount_time": null, "general_stock": null, "new_status": true, "slug": "zara-t-shirt-stone"}}, {"model": "product.variant", "pk": 4, "fields": {"created_at": "2023-08-08T13:28:17.772Z", "updated_at": "2023-08-08T13:28:17.780Z", "title": "Zara T-Shirt Black", "product": 2, "price": 150.0, "discount_type": null, "discount_amount": null, "actual_price": 150.0, "discount_time": null, "general_stock": null, "new_status": true, "slug": "zara-t-shirt-black"}}, {"model": "product.variant", "pk": 5, "fields": {"created_at": "2023-08-09T10:58:46.602Z", "updated_at": "2023-08-09T10:59:38.528Z", "title": "Zara T-Shirt Blue", "product": 2, "price": 150.0, "discount_type": null, "discount_amount": null, "actual_price": 150.0, "discount_time": null, "general_stock": null, "new_status": true, "slug": "zara-t-shirt-blue"}}, {"model": "product.variant", "pk": 6, "fields": {"created_at": "2023-08-09T11:18:05.765Z", "updated_at": "2023-08-09T11:18:05.774Z", "title": "Pull&Bear Casual Men Shoes Black", "product": 3, "price": 230.0, "discount_type": null, "discount_amount": null, "actual_price": 230.0, "discount_time": null, "general_stock": null, "new_status": true, "slug": "pullbear-casual-men-shoes-black"}}, {"model": "product.variant", "pk": 7, "fields": {"created_at": "2023-08-09T11:20:44.205Z", "updated_at": "2023-08-09T11:20:44.211Z", "title": "Pull&Bear Classic Men Shoes", "product": 4, "price": 120.0, "discount_type": null, "discount_amount": null, "actual_price": 120.0, "discount_time": null, "general_stock": null, "new_status": true, "slug": "pullbear-classic-men-shoes"}}, {"model": "product.image", "pk": 1, "fields": {"created_at": "2023-08-04T00:14:40.474Z", "updated_at": "2023-08-04T10:37:38.230Z", "image": "product_media/polo_blue_phyGa4p.jpg", "is_main": true, "variant": 1, "slug": "polo-classic-blue"}}, {"model": "product.image", "pk": 2, "fields": {"created_at": "2023-08-04T00:14:53.070Z", "updated_at": "2023-08-04T10:37:36.212Z", "image": "product_media/polo_red_mJpaHUf.jpg", "is_main": true, "variant": 2, "slug": "polo-classic-red"}}, {"model": "product.image", "pk": 3, "fields": {"created_at": "2023-08-04T00:15:44.379Z", "updated_at": "2023-08-04T10:37:34.129Z", "image": "product_media/polo_man_blue_another_APSB4RK.jpg", "is_main": false, "variant": 1, "slug": "polo-classic-blue"}}, {"model": "product.image", "pk": 4, "fields": {"created_at": "2023-08-04T00:16:15.970Z", "updated_at": "2023-08-04T10:37:24.170Z", "image": "product_media/polo_man_red_another_iHBD4tQ.jpg", "is_main": false, "variant": 2, "slug": "polo-classic-red"}}, {"model": "product.image", "pk": 5, "fields": {"created_at": "2023-08-08T13:29:02.919Z", "updated_at": "2023-08-08T13:29:02.924Z", "image": "product_media/zara_stone_tshirt_weMEJQT.jpg", "is_main": true, "variant": 3, "slug": "zara-t-shirt-stone"}}, {"model": "product.image", "pk": 6, "fields": {"created_at": "2023-08-08T13:29:24.823Z", "updated_at": "2023-08-08T13:29:24.827Z", "image": "product_media/zara_black_tshirt_qgabC69.jpg", "is_main": true, "variant": 4, "slug": "zara-t-shirt-black"}}, {"model": "product.image", "pk": 7, "fields": {"created_at": "2023-08-09T10:59:28.437Z", "updated_at": "2023-08-09T10:59:28.680Z", "image": "product_media/zara_blue_tshirt_fl3bH1t.jpg", "is_main": true, "variant": 5, "slug": "zara-t-shirt-blue"}}, {"model": "product.image", "pk": 8, "fields": {"created_at": "2023-08-09T11:18:27.504Z", "updated_at": "2023-08-09T11:18:27.509Z", "image": "product_media/pullbear_man_casual_G5GtDbG.jpg", "is_main": true, "variant": 6, "slug": "pullbear-casual-men-shoes-black"}}, {"model": "product.image", "pk": 9, "fields": {"created_at": "2023-08-09T11:21:02.566Z", "updated_at": "2023-08-09T11:21:02.572Z", "image": "product_media/pullbear_man_shoes_qY0Hyd0.jpg", "is_main": true, "variant": 7, "slug": "pullbear-classic-men-shoes"}}, {"model": "product.option", "pk": 1, "fields": {"created_at": "2023-08-04T00:19:09.991Z", "updated_at": "2023-08-04T00:19:09.999Z", "stock": 9, "variant": 2, "properties": [8, 2]}}, {"model": "product.option", "pk": 2, "fields": {"created_at": "2023-08-04T00:19:29.522Z", "updated_at": "2023-08-04T00:19:29.531Z", "stock": 3, "variant": 2, "properties": [10, 2]}}, {"model": "product.option", "pk": 3, "fields": {"created_at": "2023-08-04T00:20:28.614Z", "updated_at": "2023-08-04T00:20:28.624Z", "stock": 15, "variant": 1, "properties": [10, 1]}}]